Replication,plot,Treatment,blue,green,red,redge,nir,Thermal,L,C1,C2,DAS,MGVRI,SR,NDVI,MSAVI,SAVI,OSAVI,ARVI,EVI,GCI,SIPI,CI(rededge),NDRE,CVI,gNDVI,bNDVI,PI,VARI,ENDVI,GDVI,PSRI,MSRGR,TNDGR,MSR,MCARI,TCARI,MTCI,TCARI/OSAVI,MCARI/OSAVI,RVI,DVI,ARI,ARI2,SRPI,NPCI,VDVI,WDRVI,TVI,RDVI,NDWI
1,1,I,0.084448807,0.127766088,0.134016216,0.200036496,0.269286245,,1,6,7.5,05-Feb,-0.048,2.009,0.335,0.202,0.145,0.279,0.138,0.235,1.108,1.366,0.346,0.148,2.211,0.356,0.523,0.166,-0.035,0.403,0.603,0.023,0.976,0.69,0.582,0.077,0.231,1.049,0.829,0.276,2.009,0.135,2.828,0.761,0.63,0.227,0.078,-0.427,7.866,0.213,0.356426962
1,2,D4,0.08130388,0.121963724,0.131828636,0.187381551,0.24653247,,1,6,7.5,05-Feb,-0.078,1.87,0.303,0.174,0.125,0.247,0.109,0.201,1.021,1.44,0.316,0.136,2.185,0.338,0.504,0.166,-0.057,0.388,0.555,0.04,0.962,0.679,0.514,0.06,0.181,1.065,0.733,0.244,1.87,0.115,2.862,0.706,0.617,0.237,0.067,-0.456,6.488,0.186,0.338046221
1,3,D0,0.080050275,0.120385364,0.130641267,0.184528187,0.244138062,,1,6,7.5,05-Feb,-0.082,1.869,0.303,0.173,0.124,0.246,0.107,0.199,1.028,1.446,0.323,0.139,2.201,0.339,0.506,0.167,-0.06,0.39,0.555,0.042,0.96,0.678,0.513,0.058,0.174,1.106,0.707,0.236,1.869,0.113,2.887,0.705,0.613,0.24,0.067,-0.456,6.4,0.185,0.339491756
1,4,D10,0.080010548,0.121710375,0.130457804,0.184994102,0.245399714,,1,6,7.5,05-Feb,-0.069,1.881,0.306,0.175,0.125,0.249,0.11,0.201,1.016,1.439,0.327,0.14,2.161,0.337,0.508,0.171,-0.051,0.393,0.559,0.036,0.966,0.682,0.519,0.059,0.178,1.108,0.716,0.239,1.881,0.115,2.811,0.69,0.613,0.24,0.073,-0.453,6.547,0.187,0.336927104
2,5,I,0.095542468,0.142565131,0.150843084,0.216081947,0.284934431,,1,6,7.5,05-Feb,-0.056,1.889,0.308,0.195,0.14,0.261,0.116,0.228,0.999,1.412,0.319,0.137,2.115,0.333,0.498,0.165,-0.042,0.382,0.562,0.029,0.972,0.687,0.523,0.072,0.217,1.055,0.832,0.277,1.889,0.134,2.386,0.68,0.633,0.224,0.073,-0.452,7.714,0.203,0.333027944
2,6,D10,0.096606046,0.1437608,0.152203321,0.215512276,0.284383118,,1,6,7.5,05-Feb,-0.057,1.868,0.303,0.192,0.138,0.257,0.112,0.224,0.978,1.421,0.32,0.138,2.094,0.328,0.493,0.164,-0.042,0.378,0.555,0.03,0.972,0.687,0.513,0.069,0.208,1.088,0.809,0.27,1.868,0.132,2.316,0.659,0.635,0.223,0.072,-0.456,7.593,0.2,0.328446375
2,7,D0,0.092977315,0.137607098,0.146537244,0.20214124,0.264555782,,1,6,7.5,05-Feb,-0.063,1.805,0.287,0.174,0.125,0.24,0.099,0.204,0.923,1.454,0.309,0.134,2.047,0.316,0.48,0.164,-0.047,0.368,0.53,0.034,0.969,0.685,0.481,0.059,0.177,1.122,0.737,0.246,1.805,0.118,2.32,0.614,0.634,0.224,0.069,-0.469,6.724,0.184,0.315664847
2,8,D4,0.0899591,0.13432081,0.143282995,0.197849989,0.261627674,,1,6,7.5,05-Feb,-0.065,1.826,0.292,0.176,0.126,0.243,0.102,0.205,0.948,1.451,0.322,0.139,2.078,0.322,0.488,0.167,-0.048,0.375,0.539,0.034,0.968,0.684,0.491,0.058,0.173,1.169,0.714,0.238,1.826,0.118,2.391,0.625,0.628,0.229,0.071,-0.465,6.742,0.186,0.321523807
3,9,I,0.092913881,0.13989161,0.14666228,0.214554876,0.282108307,,1,6,7.5,05-Feb,-0.047,1.924,0.316,0.198,0.142,0.267,0.122,0.231,1.017,1.397,0.315,0.136,2.114,0.337,0.504,0.167,-0.035,0.389,0.574,0.024,0.977,0.69,0.54,0.077,0.232,0.995,0.871,0.29,1.924,0.135,2.488,0.702,0.634,0.224,0.077,-0.444,7.856,0.207,0.337006457
3,10,D4,0.093028791,0.139549315,0.147749603,0.212142736,0.277836204,,1,6,7.5,05-Feb,-0.057,1.88,0.306,0.191,0.137,0.258,0.113,0.222,0.991,1.421,0.31,0.134,2.108,0.331,0.498,0.167,-0.042,0.383,0.559,0.03,0.972,0.687,0.519,0.072,0.215,1.02,0.834,0.278,1.88,0.13,2.452,0.681,0.63,0.227,0.074,-0.453,7.477,0.199,0.331316931
3,11,D10,0.089416191,0.135839611,0.143570945,0.209273517,0.277079552,,1,6,7.5,05-Feb,-0.055,1.93,0.317,0.197,0.141,0.267,0.121,0.227,1.04,1.406,0.324,0.139,2.156,0.342,0.512,0.17,-0.041,0.396,0.577,0.028,0.973,0.687,0.543,0.074,0.223,1.032,0.836,0.279,1.93,0.134,2.583,0.716,0.623,0.232,0.077,-0.443,7.701,0.206,0.34205228
3,12,D0,0.093861148,0.141308621,0.151261181,0.214672878,0.276458949,,1,6,7.5,05-Feb,-0.068,1.828,0.293,0.183,0.132,0.247,0.101,0.211,0.956,1.458,0.288,0.126,2.094,0.324,0.493,0.17,-0.05,0.38,0.539,0.036,0.967,0.683,0.492,0.069,0.208,0.974,0.84,0.28,1.828,0.125,2.418,0.669,0.621,0.234,0.071,-0.465,7.114,0.191,0.32350603
4,13,I,0.100085191,0.151595727,0.157645494,0.235637203,0.307288706,,1,6,7.5,05-Feb,-0.039,1.949,0.322,0.214,0.153,0.278,0.127,0.249,1.027,1.385,0.304,0.132,2.108,0.339,0.509,0.169,-0.029,0.393,0.583,0.02,0.981,0.693,0.553,0.091,0.274,0.919,0.988,0.329,1.949,0.15,2.353,0.723,0.635,0.223,0.081,-0.439,8.737,0.219,0.339285815
4,14,D0,0.087179065,0.13607505,0.142375469,0.216190144,0.281479836,,1,6,7.5,05-Feb,-0.045,1.977,0.328,0.205,0.147,0.276,0.128,0.235,1.069,1.397,0.302,0.131,2.164,0.348,0.527,0.179,-0.033,0.411,0.593,0.022,0.978,0.691,0.566,0.088,0.263,0.885,0.953,0.318,1.977,0.139,2.723,0.767,0.612,0.24,0.085,-0.433,8.094,0.214,0.348229157
4,15,D4,0.091365695,0.142602056,0.148533106,0.222582996,0.286221772,,1,6,7.5,05-Feb,-0.041,1.927,0.317,0.201,0.144,0.269,0.119,0.231,1.007,1.415,0.286,0.125,2.091,0.335,0.516,0.181,-0.03,0.402,0.576,0.021,0.98,0.693,0.542,0.087,0.261,0.859,0.972,0.324,1.927,0.138,2.52,0.721,0.615,0.238,0.086,-0.444,8.024,0.209,0.334915428
4,16,D10,0.090896204,0.138999835,0.149980485,0.215782508,0.277271688,,1,6,7.5,05-Feb,-0.076,1.849,0.298,0.186,0.134,0.251,0.102,0.213,0.995,1.464,0.285,0.125,2.152,0.332,0.506,0.174,-0.055,0.392,0.547,0.04,0.963,0.68,0.503,0.073,0.218,0.934,0.866,0.289,1.849,0.127,2.56,0.71,0.606,0.245,0.072,-0.46,7.198,0.195,0.332167456
1,1,I,0.037805267,0.069621973,0.0500236,0.134938434,0.233954117,,1,6,7.5,24-Feb,0.319,4.677,0.648,0.321,0.215,0.481,0.462,0.368,2.36,1.066,0.734,0.268,2.414,0.541,0.722,0.18,0.239,0.601,0.913,-0.084,1.18,0.815,1.543,0.194,0.581,1.166,1.21,0.403,4.677,0.184,6.952,1.627,0.756,0.139,0.226,-0.033,11.82,0.345,0.541321103
1,2,D4,0.039422147,0.07118164,0.05294247,0.135202691,0.230782539,,1,6,7.5,24-Feb,0.288,4.359,0.627,0.308,0.208,0.465,0.437,0.355,2.242,1.076,0.707,0.261,2.411,0.529,0.708,0.18,0.215,0.586,0.9,-0.079,1.16,0.804,1.451,0.177,0.532,1.162,1.145,0.382,4.359,0.178,6.652,1.535,0.745,0.146,0.213,-0.068,11.4,0.334,0.52854249
1,3,D0,0.040008273,0.071025938,0.054383919,0.135127977,0.230140001,,1,6,7.5,24-Feb,0.261,4.232,0.618,0.304,0.205,0.459,0.426,0.35,2.24,1.082,0.703,0.26,2.481,0.528,0.704,0.175,0.195,0.58,0.894,-0.072,1.143,0.795,1.413,0.169,0.506,1.177,1.104,0.368,4.232,0.176,6.679,1.537,0.736,0.152,0.202,-0.083,11.211,0.329,0.528326887
1,4,D10,0.039395854,0.069368266,0.05373808,0.131467506,0.224083915,,1,6,7.5,24-Feb,0.25,4.17,0.613,0.296,0.2,0.451,0.421,0.34,2.23,1.084,0.704,0.26,2.502,0.527,0.701,0.174,0.187,0.577,0.891,-0.07,1.136,0.792,1.394,0.16,0.479,1.192,1.062,0.354,4.17,0.17,6.809,1.526,0.733,0.154,0.197,-0.091,10.846,0.323,0.5272261
2,5,I,0.03955479,0.072811708,0.053004447,0.135919675,0.223912746,,1,6,7.5,24-Feb,0.307,4.224,0.617,0.297,0.201,0.454,0.426,0.343,2.075,1.079,0.647,0.245,2.239,0.509,0.7,0.191,0.23,0.579,0.894,-0.088,1.172,0.811,1.411,0.18,0.541,1.061,1.192,0.397,4.224,0.171,6.377,1.428,0.746,0.145,0.223,-0.084,11.047,0.325,0.509230149
2,6,D10,0.039277356,0.072216578,0.05200744,0.136848465,0.227876872,,1,6,7.5,24-Feb,0.317,4.382,0.628,0.306,0.206,0.464,0.44,0.353,2.155,1.072,0.665,0.25,2.272,0.519,0.706,0.187,0.238,0.585,0.901,-0.089,1.178,0.814,1.458,0.189,0.568,1.073,1.224,0.408,4.382,0.176,6.54,1.49,0.755,0.139,0.225,-0.066,11.361,0.332,0.51870607
2,7,D0,0.03990278,0.071379185,0.054611251,0.132980436,0.218668759,,1,6,7.5,24-Feb,0.262,4.004,0.6,0.285,0.193,0.439,0.406,0.329,2.063,1.09,0.644,0.244,2.344,0.508,0.691,0.184,0.195,0.568,0.883,-0.077,1.143,0.796,1.343,0.161,0.482,1.093,1.099,0.366,4.004,0.164,6.49,1.419,0.731,0.156,0.203,-0.111,10.514,0.314,0.507811129
2,8,D4,0.039303448,0.069879599,0.053172842,0.131809801,0.222677618,,1,6,7.5,24-Feb,0.267,4.188,0.614,0.295,0.199,0.451,0.423,0.34,2.187,1.082,0.689,0.256,2.425,0.522,0.7,0.178,0.199,0.576,0.892,-0.075,1.146,0.797,1.4,0.164,0.493,1.156,1.092,0.364,4.188,0.17,6.724,1.497,0.739,0.15,0.204,-0.088,10.839,0.323,0.522284224
3,9,I,0.040738948,0.07635206,0.053659894,0.150593758,0.257826239,,1,6,7.5,24-Feb,0.339,4.805,0.655,0.35,0.234,0.502,0.471,0.401,2.377,1.063,0.712,0.263,2.373,0.543,0.727,0.184,0.254,0.608,0.917,-0.088,1.193,0.821,1.579,0.23,0.691,1.106,1.376,0.459,4.805,0.204,6.457,1.665,0.759,0.137,0.236,-0.02,13.158,0.366,0.543045971
3,10,D4,0.039907731,0.075681716,0.05314064,0.149212942,0.251710266,,1,6,7.5,24-Feb,0.34,4.737,0.651,0.342,0.228,0.496,0.466,0.391,2.326,1.067,0.687,0.256,2.335,0.538,0.726,0.189,0.254,0.608,0.915,-0.09,1.193,0.822,1.56,0.228,0.685,1.067,1.383,0.461,4.737,0.199,6.511,1.639,0.751,0.142,0.239,-0.027,12.816,0.36,0.537669093
3,11,D10,0.038279615,0.074373305,0.049729578,0.150065988,0.264191747,,1,6,7.5,24-Feb,0.382,5.313,0.683,0.37,0.245,0.525,0.505,0.42,2.552,1.053,0.761,0.275,2.375,0.561,0.747,0.186,0.287,0.631,0.932,-0.093,1.223,0.836,1.716,0.257,0.771,1.137,1.469,0.49,5.313,0.214,6.782,1.792,0.77,0.13,0.257,0.03,13.853,0.383,0.560655747
3,12,D0,0.039533421,0.072424322,0.053353716,0.142773658,0.245174661,,1,6,7.5,24-Feb,0.296,4.595,0.643,0.331,0.222,0.485,0.455,0.378,2.385,1.072,0.717,0.264,2.494,0.544,0.722,0.178,0.221,0.601,0.91,-0.078,1.165,0.807,1.52,0.202,0.605,1.145,1.247,0.416,4.595,0.192,6.803,1.668,0.741,0.149,0.219,-0.042,12.272,0.351,0.543925983
4,13,I,0.039606377,0.074875347,0.051919121,0.150991946,0.267014354,,1,6,7.5,24-Feb,0.351,5.143,0.674,0.369,0.245,0.521,0.494,0.42,2.566,1.057,0.768,0.278,2.473,0.562,0.742,0.18,0.263,0.624,0.927,-0.086,1.201,0.825,1.672,0.244,0.732,1.171,1.404,0.468,5.143,0.215,6.733,1.798,0.763,0.135,0.241,0.014,13.824,0.381,0.561991211
4,14,D0,0.038476881,0.07416781,0.050530758,0.151736915,0.264299542,,1,6,7.5,24-Feb,0.366,5.23,0.679,0.369,0.244,0.522,0.499,0.418,2.564,1.056,0.742,0.271,2.428,0.562,0.746,0.184,0.274,0.63,0.929,-0.089,1.212,0.83,1.695,0.257,0.772,1.112,1.478,0.493,5.23,0.214,6.893,1.822,0.761,0.135,0.25,0.023,13.772,0.381,0.561743196
4,15,D4,0.038608115,0.072952345,0.052666005,0.145839527,0.2478953,,1,6,7.5,24-Feb,0.315,4.707,0.65,0.337,0.225,0.492,0.462,0.383,2.398,1.072,0.7,0.259,2.453,0.545,0.73,0.185,0.233,0.612,0.914,-0.082,1.177,0.813,1.552,0.218,0.653,1.095,1.328,0.443,4.707,0.195,6.851,1.698,0.733,0.154,0.23,-0.03,12.525,0.356,0.54525242
4,16,D10,0.039097719,0.073297411,0.054136243,0.147701442,0.254149973,,1,6,7.5,24-Feb,0.294,4.695,0.649,0.343,0.229,0.495,0.461,0.389,2.467,1.075,0.721,0.265,2.561,0.552,0.733,0.181,0.217,0.614,0.913,-0.075,1.164,0.806,1.548,0.215,0.644,1.138,1.3,0.433,4.695,0.2,6.873,1.747,0.722,0.161,0.222,-0.031,12.767,0.36,0.552310297
1,1,I,0.036671672,0.079223163,0.045779161,0.166480377,0.298885882,,1,6,7.5,27-Feb,0.499,6.529,0.734,0.436,0.282,0.582,0.571,0.487,2.773,1.036,0.795,0.285,2.18,0.581,0.781,0.2,0.379,0.675,0.954,-0.112,1.316,0.876,2.015,0.375,1.126,1.097,1.936,0.645,6.529,0.253,6.616,1.977,0.801,0.11,0.315,0.133,16.524,0.431,0.580950712
1,2,D4,0.037600677,0.080306396,0.047505915,0.165464237,0.297357351,,1,6,7.5,27-Feb,0.482,6.259,0.724,0.428,0.279,0.574,0.558,0.48,2.703,1.04,0.797,0.285,2.19,0.575,0.775,0.201,0.364,0.668,0.95,-0.11,1.3,0.87,1.952,0.352,1.055,1.118,1.837,0.612,6.259,0.25,6.409,1.906,0.791,0.116,0.307,0.112,16.303,0.425,0.574720123
1,3,D0,0.038607389,0.081185855,0.049803194,0.166305766,0.296254992,,1,6,7.5,27-Feb,0.453,5.949,0.712,0.421,0.275,0.565,0.541,0.472,2.649,1.045,0.781,0.281,2.239,0.57,0.769,0.2,0.34,0.66,0.945,-0.106,1.277,0.86,1.877,0.332,0.997,1.115,1.764,0.588,5.949,0.246,6.304,1.868,0.775,0.127,0.295,0.087,16.042,0.419,0.569808855
1,4,D10,0.039010249,0.081470534,0.050592422,0.169605479,0.309547216,,1,6,7.5,27-Feb,0.443,6.118,0.719,0.439,0.286,0.578,0.55,0.49,2.799,1.045,0.825,0.292,2.359,0.583,0.776,0.193,0.332,0.667,0.948,-0.1,1.269,0.857,1.918,0.34,1.02,1.176,1.766,0.589,6.118,0.259,6.378,1.974,0.771,0.129,0.29,0.101,16.772,0.432,0.583289843
2,5,I,0.039599989,0.085336871,0.050308626,0.172476158,0.297498107,,1,6,7.5,27-Feb,0.484,5.913,0.711,0.421,0.275,0.565,0.54,0.475,2.486,1.043,0.725,0.266,2.055,0.554,0.765,0.211,0.365,0.657,0.944,-0.118,1.302,0.871,1.869,0.359,1.077,1.023,1.908,0.636,5.913,0.247,5.92,1.761,0.787,0.119,0.31,0.084,16.232,0.419,0.554184566
2,6,D10,0.0382853,0.082637727,0.047382277,0.167315111,0.294241488,,1,6,7.5,27-Feb,0.505,6.21,0.723,0.424,0.276,0.571,0.556,0.478,2.561,1.037,0.759,0.275,2.042,0.561,0.77,0.208,0.384,0.662,0.949,-0.12,1.321,0.878,1.94,0.364,1.091,1.058,1.911,0.637,6.21,0.247,6.124,1.802,0.808,0.106,0.317,0.108,16.222,0.422,0.56146307
2,7,D0,0.039147433,0.082850419,0.049906768,0.168858543,0.302886963,,1,6,7.5,27-Feb,0.468,6.069,0.717,0.431,0.281,0.572,0.548,0.483,2.656,1.043,0.794,0.284,2.202,0.57,0.771,0.201,0.352,0.663,0.947,-0.109,1.288,0.865,1.907,0.344,1.033,1.127,1.805,0.602,6.069,0.253,6.148,1.862,0.784,0.121,0.301,0.097,16.497,0.426,0.570430957
2,8,D4,0.038521923,0.082107171,0.049512163,0.167869285,0.309958369,,1,6,7.5,27-Feb,0.467,6.26,0.725,0.442,0.287,0.582,0.557,0.494,2.775,1.042,0.846,0.297,2.276,0.581,0.779,0.198,0.35,0.672,0.95,-0.105,1.288,0.865,1.952,0.343,1.029,1.201,1.77,0.59,6.26,0.26,6.222,1.929,0.778,0.125,0.302,0.112,16.931,0.434,0.58115589
3,9,I,0.042299416,0.091842398,0.054738384,0.191715017,0.347796649,,1,6,7.5,27-Feb,0.476,6.354,0.728,0.484,0.313,0.604,0.562,0.539,2.787,1.042,0.814,0.289,2.257,0.582,0.783,0.201,0.356,0.677,0.952,-0.107,1.295,0.868,1.974,0.41,1.229,1.139,2.034,0.678,6.354,0.293,5.672,1.973,0.773,0.128,0.309,0.119,19.068,0.462,0.582191807
3,10,D4,0.040965214,0.089752749,0.052752927,0.18872489,0.337428331,,1,6,7.5,27-Feb,0.486,6.396,0.73,0.474,0.307,0.6,0.564,0.528,2.76,1.041,0.788,0.283,2.21,0.58,0.783,0.204,0.364,0.678,0.952,-0.11,1.304,0.872,1.984,0.416,1.247,1.094,2.077,0.692,6.396,0.285,5.843,1.972,0.777,0.126,0.314,0.123,18.561,0.456,0.579790617
3,11,D10,0.039702199,0.088569894,0.050015166,0.190640077,0.356665075,,1,6,7.5,27-Feb,0.516,7.131,0.754,0.509,0.327,0.628,0.597,0.564,3.027,1.034,0.871,0.303,2.274,0.602,0.8,0.198,0.39,0.697,0.961,-0.108,1.331,0.882,2.15,0.458,1.375,1.181,2.19,0.73,7.131,0.307,6.045,2.156,0.794,0.115,0.328,0.176,19.941,0.481,0.602143137
3,12,D0,0.040037513,0.085420541,0.052768204,0.177337572,0.319706559,,1,6,7.5,27-Feb,0.448,6.059,0.717,0.448,0.292,0.582,0.546,0.499,2.743,1.048,0.803,0.286,2.312,0.578,0.777,0.199,0.333,0.67,0.947,-0.102,1.272,0.858,1.904,0.357,1.071,1.143,1.841,0.614,6.059,0.267,6.068,1.94,0.759,0.137,0.296,0.096,17.322,0.437,0.578302508
4,13,I,0.041227479,0.089993671,0.053109579,0.191119611,0.358226329,,1,6,7.5,27-Feb,0.483,6.745,0.742,0.503,0.324,0.619,0.58,0.558,2.981,1.039,0.874,0.304,2.349,0.598,0.794,0.195,0.362,0.689,0.957,-0.103,1.302,0.87,2.064,0.424,1.272,1.211,2.053,0.684,6.745,0.305,5.88,2.106,0.776,0.126,0.312,0.149,19.782,0.476,0.598439735
4,14,D0,0.038281523,0.085225597,0.048064999,0.183436528,0.33342424,,1,6,7.5,27-Feb,0.517,6.937,0.748,0.481,0.31,0.611,0.589,0.534,2.912,1.034,0.818,0.29,2.206,0.593,0.794,0.201,0.391,0.691,0.959,-0.111,1.332,0.882,2.107,0.442,1.325,1.108,2.168,0.723,6.937,0.285,6.282,2.095,0.796,0.113,0.328,0.162,18.608,0.462,0.592854985
4,15,D4,0.040306337,0.087550648,0.054193422,0.181248277,0.318563163,,1,6,7.5,27-Feb,0.446,5.878,0.709,0.443,0.289,0.576,0.536,0.493,2.639,1.053,0.758,0.275,2.252,0.569,0.775,0.207,0.329,0.669,0.944,-0.105,1.271,0.858,1.86,0.362,1.087,1.081,1.888,0.629,5.878,0.264,5.905,1.881,0.744,0.147,0.299,0.081,17.196,0.433,0.568836884
4,16,D10,0.041072577,0.087650515,0.0578002,0.183871254,0.327352554,,1,6,7.5,27-Feb,0.394,5.664,0.7,0.446,0.292,0.574,0.522,0.493,2.735,1.062,0.78,0.281,2.463,0.578,0.777,0.199,0.286,0.67,0.94,-0.091,1.231,0.84,1.807,0.34,1.019,1.138,1.777,0.592,5.664,0.27,5.97,1.954,0.711,0.169,0.279,0.062,17.367,0.434,0.577591003
1,1,I,0.036821872,0.072332405,0.053585697,0.143878087,0.263435692,32.02149094,1,6,7.5,05-Mar,0.291,4.916,0.662,0.36,0.239,0.51,0.474,0.401,2.642,1.08,0.831,0.294,2.698,0.569,0.755,0.186,0.21,0.64,0.921,-0.071,1.162,0.806,1.61,0.204,0.612,1.324,1.199,0.4,4.916,0.21,6.875,1.811,0.687,0.185,0.231,-0.008,13.341,0.373,0.569152605
1,2,D4,0.050837476,0.090666905,0.073662914,0.167388573,0.294405431,37.52845764,1,6,7.5,05-Mar,0.205,3.997,0.6,0.359,0.242,0.485,0.402,0.407,2.247,1.103,0.759,0.275,2.638,0.529,0.705,0.176,0.15,0.582,0.882,-0.058,1.109,0.777,1.341,0.178,0.534,1.355,1.102,0.367,3.997,0.221,5.055,1.488,0.69,0.183,0.186,-0.112,13.925,0.364,0.529091568
1,3,D0,0.05384282,0.093730703,0.079310022,0.168343693,0.286009014,38.45661163,1,6,7.5,05-Mar,0.166,3.606,0.566,0.334,0.227,0.456,0.364,0.381,2.051,1.123,0.699,0.259,2.582,0.506,0.683,0.177,0.121,0.558,0.857,-0.05,1.087,0.764,1.214,0.157,0.472,1.322,1.034,0.345,3.606,0.207,4.729,1.352,0.679,0.191,0.169,-0.162,12.979,0.342,0.506342377
1,4,D10,0.053195897,0.093215339,0.078804292,0.168924615,0.288287133,37.14610291,1,6,7.5,05-Mar,0.166,3.658,0.571,0.338,0.23,0.461,0.368,0.384,2.093,1.122,0.707,0.261,2.615,0.511,0.688,0.177,0.121,0.564,0.861,-0.05,1.088,0.764,1.232,0.161,0.482,1.324,1.046,0.349,3.658,0.209,4.808,1.386,0.675,0.194,0.171,-0.155,13.145,0.346,0.511325111
2,5,I,0.039359037,0.077531256,0.058568344,0.149368271,0.263043284,32.67645391,1,6,7.5,05-Mar,0.273,4.491,0.636,0.347,0.232,0.492,0.442,0.387,2.393,1.094,0.761,0.276,2.563,0.545,0.74,0.195,0.196,0.625,0.906,-0.072,1.151,0.8,1.49,0.195,0.585,1.252,1.187,0.396,4.491,0.204,6.203,1.632,0.672,0.196,0.226,-0.054,13.027,0.361,0.54470316
2,6,D10,0.050457064,0.090388104,0.07297834,0.165888935,0.297949284,38.9832325,1,6,7.5,05-Mar,0.211,4.083,0.607,0.366,0.246,0.492,0.41,0.414,2.296,1.1,0.796,0.285,2.661,0.534,0.71,0.176,0.154,0.587,0.887,-0.058,1.113,0.779,1.367,0.177,0.531,1.421,1.08,0.36,4.083,0.225,5.035,1.5,0.691,0.182,0.188,-0.101,14.195,0.369,0.534486728
2,7,D0,0.054910664,0.095086649,0.081472851,0.167236164,0.284030944,40.07123184,1,6,7.5,05-Mar,0.153,3.486,0.554,0.326,0.223,0.447,0.351,0.372,1.987,1.131,0.698,0.259,2.559,0.498,0.676,0.178,0.112,0.551,0.848,-0.048,1.08,0.76,1.174,0.146,0.439,1.362,0.982,0.327,3.486,0.203,4.537,1.289,0.674,0.195,0.165,-0.178,12.698,0.335,0.498379127
2,8,D4,0.054155398,0.095672555,0.080272399,0.170796111,0.291543782,38.35936864,1,6,7.5,05-Mar,0.174,3.632,0.568,0.34,0.231,0.461,0.366,0.386,2.047,1.124,0.707,0.261,2.557,0.506,0.687,0.181,0.126,0.563,0.859,-0.053,1.092,0.767,1.223,0.161,0.482,1.334,1.046,0.349,3.632,0.211,4.597,1.34,0.675,0.194,0.175,-0.158,13.292,0.346,0.505844429
3,9,I,0.039398484,0.081981905,0.058694869,0.16703169,0.297164738,32.47937322,1,6,7.5,05-Mar,0.322,5.063,0.67,0.399,0.264,0.536,0.483,0.44,2.625,1.081,0.779,0.28,2.595,0.568,0.766,0.198,0.23,0.656,0.925,-0.078,1.182,0.816,1.65,0.26,0.78,1.201,1.454,0.485,5.063,0.238,6.211,1.846,0.671,0.197,0.251,0.006,15.24,0.4,0.567545136
3,10,D4,0.049364377,0.096579008,0.07197915,0.186303034,0.322042018,37.88520432,1,6,7.5,05-Mar,0.286,4.474,0.635,0.403,0.269,0.524,0.441,0.452,2.334,1.09,0.729,0.267,2.485,0.539,0.734,0.196,0.206,0.618,0.905,-0.076,1.158,0.804,1.485,0.249,0.748,1.187,1.429,0.476,4.474,0.25,4.987,1.606,0.686,0.186,0.228,-0.056,15.988,0.398,0.538585011
3,11,D10,0.047965229,0.096051931,0.068718791,0.189762905,0.335852265,38.48889542,1,6,7.5,05-Mar,0.323,4.887,0.66,0.43,0.285,0.549,0.473,0.481,2.497,1.078,0.77,0.278,2.502,0.555,0.75,0.195,0.234,0.637,0.92,-0.081,1.182,0.816,1.602,0.283,0.848,1.207,1.544,0.515,4.887,0.267,5.141,1.727,0.698,0.178,0.244,-0.011,17.121,0.42,0.555216495
3,12,D0,0.052203756,0.096632957,0.078525946,0.181478381,0.306753039,37.7846489,1,6,7.5,05-Mar,0.205,3.906,0.592,0.366,0.247,0.486,0.391,0.412,2.174,1.115,0.69,0.257,2.58,0.521,0.709,0.188,0.147,0.589,0.877,-0.059,1.109,0.777,1.312,0.199,0.596,1.217,1.228,0.409,3.906,0.228,4.838,1.484,0.665,0.201,0.193,-0.123,14.418,0.368,0.520890869
4,13,I,0.039351631,0.082031637,0.059212927,0.169413939,0.310583085,32.29789882,1,6,7.5,05-Mar,0.315,5.245,0.68,0.418,0.275,0.55,0.494,0.458,2.786,1.079,0.833,0.294,2.733,0.582,0.775,0.193,0.224,0.666,0.93,-0.073,1.177,0.813,1.699,0.265,0.796,1.281,1.446,0.482,5.245,0.251,6.288,1.953,0.665,0.202,0.249,0.024,15.995,0.413,0.582126536
4,14,D0,0.049201258,0.096493594,0.072446704,0.187891304,0.327839494,36.27165985,1,6,7.5,05-Mar,0.279,4.525,0.638,0.41,0.274,0.529,0.445,0.458,2.398,1.091,0.745,0.271,2.551,0.545,0.739,0.194,0.201,0.624,0.907,-0.073,1.154,0.801,1.5,0.252,0.756,1.212,1.43,0.477,4.525,0.255,5.041,1.653,0.679,0.191,0.227,-0.05,16.285,0.404,0.545198823
4,15,D4,0.051746324,0.097805619,0.079236418,0.184406057,0.307516575,37.75461006,1,6,7.5,05-Mar,0.207,3.881,0.59,0.365,0.247,0.484,0.388,0.409,2.144,1.12,0.668,0.25,2.547,0.517,0.712,0.195,0.148,0.593,0.875,-0.06,1.111,0.778,1.304,0.204,0.613,1.171,1.266,0.422,3.881,0.228,4.802,1.477,0.653,0.21,0.198,-0.126,14.44,0.367,0.517393222
4,16,D10,0.050747436,0.099126101,0.077918224,0.192432567,0.320413113,36.27705002,1,6,7.5,05-Mar,0.236,4.112,0.609,0.387,0.26,0.504,0.409,0.431,2.232,1.112,0.665,0.25,2.541,0.527,0.727,0.199,0.168,0.61,0.888,-0.066,1.128,0.787,1.376,0.237,0.71,1.118,1.41,0.47,4.112,0.242,4.892,1.567,0.651,0.211,0.213,-0.097,15.398,0.384,0.527452511
1,1,I,0.04638746,0.08807905,0.061335161,0.163035884,0.311781526,34.66484367,1,6,7.5,12-Mar,0.347,5.083,0.671,0.414,0.274,0.545,0.49,0.47,2.54,1.06,0.912,0.313,2.465,0.559,0.741,0.182,0.26,0.623,0.925,-0.086,1.198,0.824,1.656,0.23,0.691,1.463,1.269,0.423,5.083,0.25,5.22,1.627,0.756,0.139,0.241,0.008,16.097,0.41,0.559451192
1,2,D4,0.059605081,0.107131824,0.078783549,0.188295662,0.351748794,39.0431633,1,6,7.5,12-Mar,0.298,4.465,0.634,0.428,0.286,0.536,0.446,0.495,2.283,1.07,0.868,0.303,2.415,0.533,0.71,0.177,0.224,0.588,0.904,-0.081,1.166,0.808,1.482,0.223,0.669,1.493,1.247,0.416,4.465,0.273,4.023,1.415,0.757,0.139,0.215,-0.057,17.512,0.416,0.533073223
1,3,D0,0.061806098,0.109328806,0.084067442,0.187206849,0.341047168,40.27684784,1,6,7.5,12-Mar,0.257,4.057,0.604,0.401,0.27,0.509,0.411,0.465,2.119,1.087,0.822,0.291,2.399,0.514,0.693,0.179,0.192,0.569,0.885,-0.074,1.14,0.794,1.359,0.195,0.585,1.492,1.148,0.383,4.057,0.257,3.805,1.298,0.735,0.153,0.2,-0.104,16.429,0.394,0.51449983
1,4,D10,0.061012253,0.107869066,0.083587252,0.188015327,0.343897074,38.07954025,1,6,7.5,12-Mar,0.25,4.114,0.609,0.406,0.274,0.514,0.416,0.469,2.188,1.087,0.829,0.293,2.47,0.522,0.699,0.176,0.186,0.575,0.888,-0.071,1.136,0.792,1.377,0.199,0.597,1.493,1.161,0.387,4.114,0.26,3.952,1.359,0.73,0.156,0.197,-0.097,16.59,0.398,0.522456172
2,5,I,0.050495505,0.097249687,0.068994999,0.17685625,0.333463669,35.35532761,1,6,7.5,12-Mar,0.33,4.833,0.657,0.426,0.283,0.545,0.471,0.483,2.429,1.07,0.886,0.307,2.433,0.548,0.737,0.189,0.244,0.62,0.918,-0.085,1.187,0.819,1.587,0.236,0.707,1.452,1.296,0.432,4.833,0.264,4.628,1.543,0.732,0.155,0.239,-0.017,16.998,0.417,0.548425023
2,6,D10,0.058269486,0.104369298,0.076727435,0.183232158,0.352090627,40.3711319,1,6,7.5,12-Mar,0.298,4.589,0.642,0.433,0.289,0.542,0.456,0.501,2.374,1.067,0.922,0.315,2.48,0.543,0.716,0.173,0.225,0.593,0.909,-0.079,1.166,0.808,1.518,0.217,0.65,1.585,1.198,0.399,4.589,0.275,4.124,1.452,0.759,0.137,0.215,-0.043,17.627,0.421,0.542701156
2,7,D0,0.062694706,0.108435072,0.085621931,0.18338722,0.331901819,41.21202278,1,6,7.5,12-Mar,0.232,3.876,0.59,0.385,0.261,0.495,0.395,0.448,2.061,1.093,0.81,0.288,2.417,0.507,0.682,0.175,0.174,0.557,0.875,-0.069,1.125,0.786,1.303,0.177,0.532,1.519,1.075,0.358,3.876,0.246,3.769,1.251,0.732,0.155,0.188,-0.127,15.689,0.381,0.507490405
2,8,D4,0.061844446,0.109085798,0.084521212,0.185898989,0.337429225,39.60024261,1,6,7.5,12-Mar,0.25,3.992,0.599,0.395,0.267,0.504,0.405,0.458,2.093,1.09,0.815,0.29,2.397,0.511,0.69,0.179,0.186,0.566,0.882,-0.073,1.136,0.792,1.339,0.189,0.568,1.495,1.126,0.375,3.992,0.253,3.788,1.278,0.732,0.155,0.197,-0.112,16.157,0.389,0.511390245
3,9,I,0.054759655,0.113420784,0.074771523,0.212672919,0.379882246,35.59692574,1,6,7.5,12-Mar,0.394,5.081,0.671,0.475,0.315,0.576,0.488,0.538,2.349,1.066,0.786,0.282,2.208,0.54,0.748,0.208,0.29,0.637,0.925,-0.102,1.232,0.84,1.655,0.336,1.007,1.213,1.749,0.583,5.081,0.305,4.115,1.563,0.732,0.154,0.273,0.008,19.853,0.452,0.540157765
3,10,D4,0.056282494,0.11555995,0.074413784,0.213916674,0.375457734,40.02534294,1,6,7.5,12-Mar,0.414,5.046,0.669,0.47,0.311,0.573,0.487,0.538,2.249,1.06,0.755,0.274,2.092,0.529,0.739,0.21,0.308,0.627,0.924,-0.11,1.246,0.847,1.645,0.344,1.033,1.158,1.805,0.602,5.046,0.301,3.979,1.494,0.756,0.139,0.278,0.005,19.708,0.449,0.529304325
3,11,D10,0.055185191,0.11655131,0.072739266,0.218100101,0.385814637,40.53033829,1,6,7.5,12-Mar,0.439,5.304,0.683,0.488,0.322,0.587,0.504,0.556,2.31,1.056,0.769,0.278,2.066,0.536,0.75,0.214,0.327,0.64,0.931,-0.114,1.266,0.855,1.714,0.375,1.125,1.154,1.916,0.639,5.304,0.313,3.995,1.541,0.759,0.137,0.291,0.03,20.537,0.462,0.535990404
3,12,D0,0.059505813,0.115500584,0.082162119,0.20780535,0.357548356,39.2788798,1,6,7.5,12-Mar,0.328,4.352,0.626,0.428,0.287,0.533,0.435,0.49,2.096,1.082,0.721,0.265,2.202,0.512,0.715,0.203,0.241,0.598,0.9,-0.093,1.186,0.818,1.449,0.271,0.813,1.192,1.527,0.509,4.352,0.275,3.846,1.375,0.724,0.16,0.24,-0.069,17.857,0.415,0.511675963
4,13,I,0.054046664,0.109103486,0.074152708,0.207307056,0.391352832,35.45052147,1,6,7.5,12-Mar,0.368,5.278,0.681,0.491,0.325,0.588,0.5,0.554,2.587,1.063,0.888,0.307,2.438,0.564,0.757,0.193,0.27,0.645,0.931,-0.089,1.213,0.831,1.707,0.317,0.952,1.382,1.618,0.539,5.278,0.317,4.342,1.699,0.729,0.157,0.26,0.027,20.43,0.465,0.56398398
4,14,D0,0.055051718,0.111338921,0.073237292,0.209029406,0.376973569,39.10565821,1,6,7.5,12-Mar,0.396,5.147,0.675,0.475,0.314,0.577,0.494,0.541,2.386,1.06,0.803,0.287,2.227,0.544,0.745,0.201,0.294,0.632,0.927,-0.101,1.233,0.84,1.673,0.332,0.995,1.237,1.724,0.575,5.147,0.304,4.198,1.582,0.752,0.142,0.269,0.015,19.748,0.453,0.543984955
4,15,D4,0.057817407,0.112456046,0.079820141,0.206250206,0.357158929,39.5313282,1,6,7.5,12-Mar,0.33,4.475,0.635,0.433,0.29,0.539,0.444,0.494,2.176,1.079,0.732,0.268,2.254,0.521,0.721,0.2,0.243,0.605,0.905,-0.091,1.187,0.818,1.485,0.278,0.835,1.194,1.549,0.516,4.475,0.277,4.044,1.444,0.724,0.16,0.241,-0.055,17.946,0.42,0.521071295
4,16,D10,0.055552717,0.109539434,0.076976344,0.206180409,0.362062365,38.68123055,1,6,7.5,12-Mar,0.339,4.704,0.649,0.446,0.297,0.552,0.461,0.506,2.305,1.075,0.756,0.274,2.323,0.535,0.734,0.198,0.249,0.619,0.914,-0.09,1.193,0.821,1.551,0.294,0.883,1.206,1.599,0.533,4.704,0.285,4.279,1.549,0.722,0.162,0.246,-0.031,18.408,0.43,0.535457947
1,1,I,0.036800202,0.076673672,0.036602739,0.177814975,0.420803636,33.17343775,1,6,7.5,19-Mar,0.629,11.497,0.84,0.639,0.395,0.722,0.724,0.704,4.488,0.999,1.367,0.406,2.62,0.692,0.839,0.147,0.524,0.742,0.985,-0.095,1.447,0.924,2.969,0.588,1.763,1.721,2.443,0.814,11.497,0.384,7.418,3.122,1.005,-0.003,0.353,0.394,24.655,0.568,0.691750073
1,2,D4,0.043094639,0.086188532,0.048728447,0.186098337,0.411242843,35.85923894,1,6,7.5,19-Mar,0.516,8.439,0.788,0.587,0.372,0.678,0.647,0.657,3.771,1.016,1.21,0.377,2.698,0.653,0.81,0.157,0.408,0.705,0.972,-0.091,1.33,0.882,2.421,0.448,1.345,1.639,1.983,0.661,8.439,0.363,6.229,2.562,0.884,0.061,0.305,0.256,23.249,0.535,0.653465638
1,3,D0,0.044306803,0.086891659,0.05092058,0.185240954,0.403381705,36.62694168,1,6,7.5,19-Mar,0.489,7.922,0.776,0.57,0.364,0.666,0.629,0.64,3.642,1.019,1.178,0.371,2.721,0.646,0.802,0.157,0.385,0.694,0.969,-0.089,1.306,0.872,2.317,0.417,1.251,1.624,1.88,0.627,7.922,0.352,6.11,2.465,0.87,0.069,0.292,0.226,22.587,0.523,0.645537917
1,4,D10,0.042943954,0.084353983,0.048870124,0.182644203,0.40579465,36.30524578,1,6,7.5,19-Mar,0.497,8.304,0.785,0.579,0.368,0.674,0.642,0.648,3.811,1.017,1.222,0.379,2.787,0.656,0.809,0.153,0.393,0.702,0.971,-0.087,1.314,0.875,2.394,0.426,1.279,1.668,1.899,0.633,8.304,0.357,6.38,2.589,0.879,0.065,0.295,0.248,22.835,0.529,0.655802435
2,5,I,0.036778547,0.076343529,0.037215542,0.175949126,0.412792772,33.27555609,1,6,7.5,19-Mar,0.616,11.092,0.835,0.626,0.389,0.714,0.716,0.69,4.407,1.001,1.346,0.402,2.636,0.688,0.836,0.149,0.51,0.739,0.984,-0.095,1.432,0.919,2.902,0.562,1.685,1.707,2.36,0.787,11.092,0.376,7.415,3.061,0.988,0.006,0.347,0.379,24.1,0.56,0.687843536
2,6,D10,0.043437801,0.084626473,0.04899871,0.182400227,0.415070474,36.94654274,1,6,7.5,19-Mar,0.498,8.471,0.789,0.591,0.375,0.68,0.648,0.662,3.905,1.015,1.276,0.389,2.84,0.661,0.811,0.149,0.395,0.704,0.973,-0.086,1.314,0.876,2.428,0.424,1.271,1.744,1.868,0.623,8.471,0.366,6.334,2.629,0.887,0.06,0.294,0.258,23.389,0.537,0.661288813
2,7,D0,0.044281669,0.084891729,0.051606402,0.180125579,0.393959343,37.90164948,1,6,7.5,19-Mar,0.46,7.634,0.768,0.556,0.355,0.656,0.619,0.624,3.641,1.021,1.187,0.372,2.821,0.645,0.798,0.152,0.361,0.688,0.966,-0.084,1.283,0.862,2.258,0.382,1.146,1.664,1.748,0.583,7.634,0.342,6.228,2.454,0.858,0.076,0.278,0.208,21.873,0.513,0.645435778
2,8,D4,0.043261934,0.084026605,0.050219111,0.178772077,0.388389289,37.28451157,1,6,7.5,19-Mar,0.474,7.734,0.771,0.552,0.353,0.655,0.622,0.619,3.622,1.021,1.173,0.37,2.763,0.644,0.8,0.155,0.372,0.69,0.967,-0.087,1.294,0.867,2.279,0.39,1.171,1.631,1.786,0.595,7.734,0.338,6.307,2.45,0.861,0.074,0.285,0.215,21.643,0.511,0.64426851
3,9,I,0.036003698,0.080445826,0.036883488,0.185673147,0.414597064,33.16134135,1,6,7.5,19-Mar,0.653,11.241,0.837,0.63,0.39,0.717,0.719,0.691,4.154,1.002,1.233,0.381,2.363,0.675,0.84,0.165,0.536,0.746,0.984,-0.105,1.477,0.933,2.927,0.643,1.929,1.539,2.692,0.897,11.241,0.378,7.045,2.921,0.976,0.012,0.376,0.384,24.405,0.562,0.67499452
3,10,D4,0.040769082,0.087433584,0.045925833,0.19383657,0.41628617,35.78147252,1,6,7.5,19-Mar,0.568,9.064,0.801,0.602,0.38,0.69,0.665,0.668,3.761,1.014,1.148,0.365,2.501,0.653,0.822,0.169,0.448,0.721,0.976,-0.1,1.38,0.901,2.542,0.534,1.603,1.504,2.322,0.774,9.064,0.37,6.278,2.614,0.888,0.059,0.337,0.289,23.882,0.545,0.652848302
3,11,D10,0.038881827,0.08683461,0.043080639,0.194234937,0.420069695,36.03487651,1,6,7.5,19-Mar,0.605,9.751,0.814,0.616,0.386,0.702,0.684,0.68,3.838,1.011,1.163,0.368,2.4,0.657,0.831,0.173,0.481,0.734,0.979,-0.104,1.42,0.915,2.669,0.585,1.754,1.494,2.499,0.833,9.751,0.377,6.368,2.675,0.903,0.051,0.359,0.322,24.37,0.554,0.657392493
3,12,D0,0.039231475,0.084935606,0.04498576,0.186559796,0.386042356,35.9066925,1,6,7.5,19-Mar,0.562,8.581,0.791,0.565,0.357,0.669,0.651,0.626,3.545,1.017,1.069,0.348,2.407,0.639,0.816,0.176,0.441,0.714,0.973,-0.103,1.374,0.899,2.449,0.503,1.508,1.409,2.254,0.751,8.581,0.341,6.413,2.476,0.872,0.068,0.337,0.264,22.061,0.519,0.639322377
4,13,I,0.034533229,0.074277848,0.035179995,0.173537016,0.410069197,33.0742357,1,6,7.5,19-Mar,0.634,11.656,0.842,0.63,0.389,0.718,0.727,0.688,4.521,1.002,1.363,0.405,2.615,0.693,0.845,0.151,0.522,0.75,0.985,-0.095,1.453,0.926,2.995,0.585,1.754,1.71,2.441,0.814,11.656,0.375,7.701,3.158,0.982,0.009,0.361,0.4,24.057,0.562,0.693286668
4,14,D0,0.040785607,0.085189059,0.0460614,0.187242687,0.412776351,35.52006912,1,6,7.5,19-Mar,0.548,8.961,0.799,0.597,0.377,0.687,0.662,0.663,3.845,1.014,1.204,0.376,2.62,0.658,0.82,0.162,0.433,0.718,0.975,-0.095,1.36,0.893,2.522,0.491,1.473,1.597,2.143,0.714,8.961,0.367,6.398,2.641,0.885,0.061,0.325,0.284,23.568,0.541,0.6578515
4,15,D4,0.040785659,0.086017229,0.04740002,0.187292203,0.393782407,35.97372055,1,6,7.5,19-Mar,0.534,8.308,0.785,0.568,0.361,0.668,0.642,0.631,3.578,1.019,1.103,0.355,2.523,0.641,0.812,0.171,0.417,0.709,0.971,-0.098,1.347,0.889,2.395,0.473,1.418,1.476,2.122,0.707,8.308,0.346,6.286,2.475,0.86,0.075,0.322,0.249,22.328,0.521,0.641445209
4,16,D10,0.038228825,0.08100459,0.043826256,0.181459442,0.391869962,35.11525536,1,6,7.5,19-Mar,0.547,8.941,0.799,0.577,0.364,0.678,0.661,0.636,3.838,1.016,1.16,0.367,2.617,0.657,0.822,0.165,0.429,0.722,0.975,-0.095,1.36,0.893,2.519,0.487,1.46,1.529,2.154,0.718,8.941,0.348,6.834,2.678,0.872,0.068,0.328,0.283,22.37,0.527,0.657395012
1,1,I,0.026830934,0.068908274,0.02273695,0.176320583,0.492072582,35.53150654,1,6,7.5,03-Apr,0.804,21.642,0.912,0.779,0.465,0.807,0.839,0.822,6.141,0.991,1.791,0.472,2.356,0.754,0.897,0.142,0.712,0.825,0.996,-0.094,1.741,1.002,4.338,1.024,3.073,2.056,3.809,1.27,21.642,0.469,8.841,4.35,1.18,-0.083,0.471,0.625,30.007,0.654,0.754329321
1,2,D4,0.025690082,0.063112535,0.022643855,0.166460142,0.475779027,35.53830147,1,6,7.5,03-Apr,0.772,21.011,0.909,0.762,0.454,0.798,0.834,0.798,6.539,0.993,1.858,0.482,2.705,0.766,0.898,0.132,0.674,0.826,0.995,-0.085,1.669,0.986,4.265,0.905,2.716,2.151,3.402,1.134,21.011,0.453,9.837,4.68,1.135,-0.063,0.446,0.616,28.807,0.642,0.765769073
1,3,D0,0.027586441,0.065262333,0.025586834,0.166323483,0.459140301,36.23661995,1,6,7.5,03-Apr,0.734,17.944,0.894,0.729,0.438,0.78,0.81,0.771,6.035,0.995,1.761,0.468,2.758,0.751,0.887,0.136,0.627,0.81,0.994,-0.086,1.597,0.968,3.893,0.783,2.35,2.081,3.013,1.004,17.944,0.434,9.31,4.275,1.078,-0.038,0.421,0.564,27.6,0.623,0.751098378
1,4,D10,0.026900385,0.064774625,0.025312267,0.166178316,0.45310998,36.86495972,1,6,7.5,03-Apr,0.735,17.901,0.894,0.723,0.434,0.777,0.809,0.762,5.995,0.996,1.727,0.463,2.734,0.75,0.888,0.138,0.625,0.812,0.994,-0.087,1.6,0.969,3.887,0.792,2.375,2.037,3.055,1.018,17.901,0.428,9.421,4.269,1.063,-0.03,0.425,0.563,27.246,0.618,0.749849197
2,5,I,0.026512401,0.066504985,0.022738118,0.170288146,0.479895562,36.43543482,1,6,7.5,03-Apr,0.791,21.105,0.91,0.766,0.456,0.8,0.835,0.806,6.216,0.992,1.818,0.476,2.467,0.757,0.895,0.139,0.698,0.823,0.996,-0.091,1.71,0.995,4.276,0.95,2.849,2.098,3.56,1.187,21.105,0.457,9.164,4.398,1.166,-0.077,0.46,0.617,29.18,0.645,0.756570577
2,6,D10,0.026592093,0.061091844,0.024336055,0.156824321,0.448853046,37.08495458,1,6,7.5,03-Apr,0.726,18.444,0.897,0.722,0.432,0.778,0.814,0.761,6.347,0.995,1.862,0.482,2.927,0.76,0.888,0.128,0.625,0.811,0.994,-0.082,1.584,0.964,3.956,0.73,2.191,2.204,2.817,0.939,18.444,0.425,9.992,4.485,1.093,-0.044,0.412,0.573,26.941,0.617,0.76039825
2,7,D0,0.028006913,0.06327831,0.027292922,0.155906096,0.423691601,37.82609367,1,6,7.5,03-Apr,0.686,15.524,0.879,0.678,0.41,0.753,0.784,0.719,5.696,0.998,1.718,0.462,2.888,0.74,0.876,0.136,0.575,0.794,0.992,-0.085,1.523,0.947,3.573,0.629,1.887,2.082,2.507,0.836,15.524,0.396,9.389,3.978,1.026,-0.013,0.392,0.513,25.223,0.59,0.740114087
2,8,D4,0.026622199,0.061562065,0.025949767,0.155322522,0.425292313,37.21446568,1,6,7.5,03-Apr,0.698,16.389,0.885,0.686,0.413,0.758,0.794,0.723,5.908,0.998,1.738,0.465,2.912,0.747,0.882,0.135,0.585,0.803,0.993,-0.084,1.54,0.952,3.69,0.662,1.986,2.087,2.621,0.874,16.389,0.399,9.806,4.17,1.026,-0.013,0.402,0.532,25.385,0.594,0.747102757
3,9,I,0.028814234,0.071893089,0.026942709,0.179675743,0.467624605,37.16441218,1,6,7.5,03-Apr,0.754,17.356,0.891,0.733,0.442,0.781,0.804,0.78,5.504,0.996,1.603,0.445,2.438,0.733,0.884,0.15,0.642,0.807,0.993,-0.096,1.634,0.977,3.818,0.875,2.624,1.885,3.36,1.12,17.356,0.441,8.344,3.902,1.069,-0.034,0.441,0.553,28.239,0.627,0.733491265
3,10,D4,0.027229516,0.069418609,0.024919761,0.181190193,0.473907083,35.79905128,1,6,7.5,03-Apr,0.772,19.017,0.9,0.749,0.449,0.791,0.819,0.791,5.827,0.995,1.616,0.447,2.451,0.744,0.891,0.147,0.663,0.818,0.994,-0.094,1.669,0.986,4.027,0.974,2.921,1.873,3.695,1.232,19.017,0.449,8.886,4.211,1.093,-0.044,0.454,0.584,28.719,0.636,0.744467784
3,11,D10,0.026957126,0.071716398,0.023602249,0.190797567,0.505126834,36.12278366,1,6,7.5,03-Apr,0.805,21.402,0.911,0.788,0.472,0.811,0.837,0.833,6.043,0.993,1.647,0.452,2.318,0.751,0.899,0.147,0.704,0.829,0.996,-0.095,1.743,1.002,4.31,1.159,3.477,1.88,4.287,1.429,21.402,0.482,8.703,4.396,1.142,-0.066,0.479,0.621,30.816,0.662,0.751348741
3,12,D0,0.028638856,0.068546742,0.02911141,0.168981805,0.426855117,37.84337997,1,6,7.5,03-Apr,0.694,14.663,0.872,0.675,0.41,0.749,0.773,0.717,5.227,1.001,1.526,0.433,2.645,0.723,0.874,0.151,0.571,0.793,0.991,-0.092,1.534,0.951,3.452,0.695,2.086,1.844,2.785,0.928,14.663,0.398,8.671,3.701,0.984,0.008,0.407,0.491,25.442,0.589,0.723268128
4,13,I,0.029744405,0.068645492,0.029287556,0.162132695,0.426465929,38.49260426,1,6,7.5,03-Apr,0.692,14.561,0.871,0.674,0.409,0.748,0.772,0.72,5.213,0.999,1.63,0.449,2.651,0.723,0.87,0.147,0.577,0.785,0.991,-0.092,1.531,0.95,3.438,0.632,1.896,1.99,2.534,0.845,14.561,0.397,8.4,3.582,1.016,-0.008,0.399,0.489,25.405,0.588,0.722706893
4,14,D0,0.030026026,0.066954382,0.03125101,0.156120837,0.402564913,39.23558617,1,6,7.5,03-Apr,0.642,12.882,0.856,0.634,0.388,0.725,0.748,0.68,5.013,1.003,1.579,0.441,2.806,0.715,0.861,0.146,0.524,0.773,0.988,-0.089,1.464,0.929,3.189,0.535,1.604,1.974,2.212,0.737,12.882,0.371,8.53,3.434,0.961,0.02,0.372,0.441,23.707,0.564,0.714796036
4,15,D4,0.029492954,0.070655413,0.029853415,0.173925906,0.431764901,37.16338476,1,6,7.5,03-Apr,0.697,14.463,0.871,0.678,0.412,0.75,0.771,0.723,5.111,1.001,1.482,0.426,2.582,0.719,0.872,0.153,0.575,0.79,0.99,-0.095,1.538,0.952,3.424,0.719,2.157,1.79,2.876,0.959,14.463,0.402,8.404,3.628,0.988,0.006,0.408,0.486,25.747,0.592,0.718739824
4,16,D10,0.028186131,0.069079712,0.027768556,0.176362529,0.444951802,36.89533234,1,6,7.5,03-Apr,0.722,16.024,0.883,0.703,0.425,0.765,0.79,0.745,5.441,0.999,1.523,0.432,2.589,0.731,0.881,0.15,0.602,0.802,0.992,-0.093,1.577,0.963,3.641,0.807,2.422,1.808,3.167,1.056,16.024,0.417,8.806,3.918,1.015,-0.007,0.423,0.524,26.683,0.607,0.731223825
1,1,I,0.033902276,0.084904052,0.032970328,0.195118144,0.546144366,25.51785145,1,6,7.5,08-Apr,0.738,16.565,0.886,0.785,0.487,0.805,0.796,0.861,5.432,0.998,1.799,0.474,2.498,0.731,0.883,0.152,0.618,0.806,0.993,-0.095,1.605,0.97,3.714,0.829,2.487,2.165,3.088,1.029,16.565,0.513,6.653,3.633,1.028,-0.014,0.435,0.536,32.868,0.674,0.730911133
1,2,D4,0.048681952,0.089222386,0.048950657,0.183642104,0.496622592,25.44238981,1,6,7.5,08-Apr,0.537,10.145,0.821,0.684,0.434,0.736,0.696,0.785,4.566,1.001,1.704,0.46,3.054,0.695,0.821,0.126,0.45,0.715,0.981,-0.081,1.35,0.89,2.739,0.434,1.303,2.324,1.771,0.59,10.145,0.448,5.763,2.862,0.995,0.003,0.293,0.34,28.471,0.606,0.695406159
1,3,D0,0.048445787,0.087852217,0.048470899,0.179871738,0.477573007,25.51818975,1,6,7.5,08-Apr,0.533,9.853,0.816,0.665,0.422,0.726,0.689,0.763,4.436,1,1.655,0.453,2.999,0.689,0.816,0.127,0.448,0.707,0.98,-0.082,1.346,0.888,2.687,0.419,1.258,2.266,1.734,0.578,9.853,0.429,5.823,2.781,0.999,0,0.289,0.327,27.321,0.592,0.689252572
1,4,D10,0.047008224,0.085587919,0.046557169,0.178224295,0.479403645,25.63406881,1,6,7.5,08-Apr,0.543,10.297,0.823,0.674,0.425,0.732,0.699,0.77,4.601,0.999,1.69,0.458,3.047,0.697,0.821,0.124,0.458,0.715,0.981,-0.081,1.356,0.892,2.766,0.433,1.299,2.287,1.775,0.592,10.297,0.433,6.073,2.911,1.01,-0.005,0.293,0.346,27.532,0.597,0.697029391
2,5,I,0.032370888,0.078411736,0.031215698,0.185398817,0.538536131,25.59729004,1,6,7.5,08-Apr,0.726,17.252,0.89,0.786,0.485,0.806,0.803,0.855,5.868,0.998,1.905,0.488,2.734,0.746,0.887,0.141,0.611,0.81,0.993,-0.088,1.585,0.965,3.804,0.789,2.366,2.29,2.934,0.978,17.252,0.507,7.359,3.963,1.037,-0.018,0.423,0.551,32.327,0.672,0.745807579
2,6,D10,0.049771521,0.086999677,0.050464656,0.179235592,0.490189493,25.59724617,1,6,7.5,08-Apr,0.496,9.714,0.813,0.672,0.428,0.728,0.685,0.774,4.634,1.002,1.735,0.465,3.268,0.699,0.816,0.117,0.417,0.706,0.979,-0.075,1.313,0.875,2.662,0.392,1.176,2.415,1.615,0.538,9.714,0.44,5.915,2.899,0.986,0.007,0.269,0.32,27.845,0.598,0.698540161
2,7,D0,0.047855143,0.085593469,0.048892282,0.177424058,0.473731071,25.78684521,1,6,7.5,08-Apr,0.508,9.689,0.813,0.66,0.419,0.722,0.684,0.754,4.535,1.002,1.67,0.455,3.161,0.694,0.817,0.123,0.424,0.708,0.979,-0.077,1.323,0.879,2.658,0.4,1.199,2.305,1.661,0.554,9.689,0.425,6.047,2.865,0.979,0.011,0.278,0.319,26.958,0.588,0.693939876
2,8,D4,0.048765138,0.085762091,0.049469139,0.174823999,0.465534657,25.83620071,1,6,7.5,08-Apr,0.501,9.411,0.808,0.649,0.412,0.715,0.677,0.745,4.428,1.002,1.663,0.454,3.131,0.689,0.81,0.121,0.42,0.699,0.978,-0.078,1.317,0.877,2.607,0.38,1.14,2.319,1.595,0.532,9.411,0.416,5.94,2.765,0.986,0.007,0.272,0.306,26.416,0.58,0.688871406
3,9,I,0.034713861,0.080776259,0.035392143,0.183941215,0.509249628,25.60996304,1,6,7.5,08-Apr,0.678,14.389,0.87,0.743,0.46,0.78,0.77,0.811,5.304,1.001,1.769,0.469,2.762,0.726,0.872,0.146,0.557,0.789,0.99,-0.089,1.511,0.944,3.413,0.665,1.994,2.19,2.557,0.852,14.389,0.474,6.943,3.536,0.981,0.01,0.395,0.484,30.247,0.642,0.726194186
3,10,D4,0.050935559,0.092125759,0.052225005,0.188326165,0.499720842,25.50036144,1,6,7.5,08-Apr,0.514,9.569,0.811,0.677,0.433,0.729,0.681,0.782,4.424,1.003,1.653,0.453,3.075,0.689,0.815,0.126,0.427,0.706,0.978,-0.08,1.328,0.881,2.636,0.421,1.264,2.288,1.734,0.578,9.569,0.447,5.545,2.771,0.975,0.012,0.282,0.314,28.446,0.602,0.688683659
3,11,D10,0.048250787,0.086932503,0.049996175,0.178632751,0.476450384,25.45706367,1,6,7.5,08-Apr,0.503,9.53,0.81,0.659,0.419,0.721,0.68,0.754,4.481,1.004,1.667,0.455,3.152,0.691,0.816,0.125,0.417,0.708,0.978,-0.078,1.319,0.877,2.629,0.394,1.182,2.315,1.641,0.547,9.53,0.426,5.905,2.813,0.965,0.018,0.278,0.312,27.065,0.588,0.691391041
3,12,D0,0.047264934,0.083418325,0.049414709,0.169078216,0.438661158,25.76861382,1,6,7.5,08-Apr,0.48,8.877,0.798,0.618,0.392,0.697,0.662,0.705,4.259,1.006,1.594,0.444,3.115,0.68,0.805,0.125,0.397,0.693,0.975,-0.078,1.299,0.869,2.506,0.351,1.052,2.253,1.511,0.504,8.877,0.389,6.073,2.664,0.956,0.022,0.266,0.279,24.715,0.557,0.680438218
4,13,I,0.035197582,0.079919137,0.035577692,0.182692513,0.513077199,25.75839653,1,6,7.5,08-Apr,0.669,14.421,0.87,0.746,0.462,0.782,0.77,0.816,5.42,1.001,1.808,0.475,2.858,0.73,0.872,0.141,0.552,0.788,0.99,-0.086,1.499,0.94,3.418,0.65,1.95,2.246,2.494,0.831,14.421,0.477,7.039,3.612,0.989,0.005,0.386,0.485,30.424,0.645,0.730456557
4,14,D0,0.047789078,0.08456073,0.051195875,0.169888288,0.443951219,25.9356575,1,6,7.5,08-Apr,0.464,8.672,0.793,0.619,0.394,0.695,0.655,0.705,4.25,1.009,1.613,0.446,3.179,0.68,0.806,0.126,0.379,0.694,0.974,-0.075,1.285,0.864,2.467,0.337,1.012,2.309,1.455,0.485,8.672,0.393,5.94,2.637,0.933,0.034,0.262,0.269,24.9,0.558,0.680004472
4,15,D4,0.045809291,0.085039668,0.04814785,0.175758645,0.4597978,25.93783251,1,6,7.5,08-Apr,0.515,9.55,0.81,0.647,0.409,0.715,0.68,0.732,4.407,1.006,1.616,0.447,3.061,0.688,0.819,0.131,0.422,0.712,0.978,-0.08,1.329,0.881,2.632,0.4,1.199,2.226,1.677,0.559,9.55,0.412,6.07,2.791,0.951,0.025,0.288,0.313,26.175,0.578,0.687834729
4,16,D10,0.046135802,0.082443424,0.048043061,0.167667106,0.443959922,25.95059586,1,6,7.5,08-Apr,0.493,9.241,0.805,0.629,0.398,0.704,0.672,0.714,4.385,1.005,1.648,0.452,3.138,0.687,0.812,0.125,0.408,0.702,0.977,-0.077,1.31,0.874,2.575,0.358,1.074,2.31,1.525,0.508,9.241,0.396,6.165,2.737,0.96,0.02,0.273,0.298,25.131,0.564,0.686767097
1,1,I,0.032460775,0.076022848,0.027422078,0.187744692,0.52361995,36.58803463,1,6,7.5,17-Apr,0.77,19.095,0.9,0.788,0.48,0.81,0.82,0.859,5.888,0.99,1.789,0.472,2.484,0.746,0.883,0.137,0.685,0.805,0.995,-0.093,1.665,0.985,4.037,0.945,2.834,2.095,3.501,1.167,19.095,0.496,7.828,4.099,1.184,-0.084,0.435,0.585,31.716,0.668,0.746439553
1,2,D4,0.030272871,0.066414259,0.02457962,0.172744259,0.516844511,36.28495026,1,6,7.5,17-Apr,0.759,21.027,0.909,0.794,0.479,0.814,0.835,0.856,6.782,0.988,1.992,0.499,2.88,0.772,0.889,0.117,0.689,0.812,0.995,-0.081,1.644,0.98,4.267,0.892,2.676,2.322,3.286,1.095,21.027,0.492,9.268,4.79,1.232,-0.104,0.415,0.616,31.209,0.669,0.772264859
1,3,D0,0.030248178,0.066648066,0.024600318,0.172114477,0.508759201,36.25059509,1,6,7.5,17-Apr,0.76,20.681,0.908,0.787,0.474,0.81,0.833,0.847,6.634,0.988,1.956,0.494,2.818,0.768,0.888,0.119,0.689,0.81,0.995,-0.083,1.646,0.98,4.227,0.884,2.653,2.282,3.276,1.092,20.681,0.484,9.194,4.678,1.23,-0.103,0.417,0.611,30.731,0.663,0.768344719
1,4,D10,0.030261677,0.065607272,0.024724474,0.170810714,0.509283006,36.5978508,1,6,7.5,17-Apr,0.751,20.598,0.907,0.787,0.474,0.81,0.832,0.847,6.763,0.989,1.982,0.498,2.925,0.772,0.888,0.116,0.681,0.809,0.995,-0.08,1.629,0.976,4.217,0.864,2.592,2.317,3.2,1.067,20.598,0.485,9.388,4.781,1.224,-0.101,0.409,0.609,30.709,0.663,0.77175724
2,5,I,0.032605082,0.071628258,0.027151542,0.179802611,0.518268883,36.9522171,1,6,7.5,17-Apr,0.749,19.088,0.9,0.785,0.477,0.808,0.821,0.855,6.236,0.989,1.882,0.485,2.743,0.757,0.882,0.124,0.672,0.801,0.995,-0.086,1.624,0.975,4.036,0.868,2.603,2.217,3.223,1.074,19.088,0.491,8.399,4.353,1.201,-0.091,0.411,0.585,31.246,0.665,0.757150008
2,6,D10,0.03149182,0.0655597,0.025483282,0.166642562,0.510724604,36.99253845,1,6,7.5,17-Apr,0.737,20.042,0.905,0.785,0.474,0.808,0.828,0.85,6.79,0.988,2.065,0.508,3.028,0.772,0.884,0.111,0.673,0.803,0.995,-0.078,1.604,0.97,4.151,0.791,2.373,2.438,2.935,0.978,20.042,0.485,9.252,4.725,1.236,-0.105,0.394,0.601,30.718,0.663,0.772474456
2,7,D0,0.031448614,0.066264175,0.026778026,0.165543422,0.479087681,37.24742126,1,6,7.5,17-Apr,0.719,17.891,0.894,0.747,0.451,0.788,0.81,0.805,6.23,0.99,1.894,0.486,2.922,0.757,0.877,0.12,0.641,0.793,0.994,-0.082,1.573,0.961,3.886,0.735,2.205,2.26,2.799,0.933,17.891,0.452,9.05,4.336,1.174,-0.08,0.39,0.563,28.718,0.636,0.756985607
2,8,D4,0.030653486,0.06543158,0.025274109,0.168549344,0.492613941,37.30890666,1,6,7.5,17-Apr,0.74,19.491,0.902,0.768,0.462,0.8,0.824,0.826,6.529,0.988,1.923,0.49,2.908,0.765,0.883,0.117,0.669,0.802,0.995,-0.082,1.609,0.971,4.085,0.818,2.454,2.262,3.068,1.023,19.491,0.467,9.35,4.606,1.213,-0.096,0.401,0.592,29.647,0.649,0.765497338
3,9,I,0.034649279,0.077024892,0.030132659,0.187979952,0.486955792,36.86549505,1,6,7.5,17-Apr,0.735,16.16,0.883,0.741,0.452,0.783,0.793,0.811,5.322,0.99,1.59,0.443,2.473,0.727,0.867,0.14,0.647,0.781,0.992,-0.096,1.599,0.968,3.66,0.846,2.539,1.894,3.244,1.081,16.16,0.457,7.663,3.732,1.15,-0.07,0.408,0.527,29.285,0.635,0.72685273
3,10,D4,0.034486588,0.077882238,0.028523773,0.19513011,0.523310363,36.77877808,1,6,7.5,17-Apr,0.763,18.346,0.897,0.783,0.478,0.806,0.814,0.862,5.719,0.988,1.682,0.457,2.461,0.741,0.876,0.135,0.686,0.794,0.994,-0.094,1.652,0.982,3.944,0.979,2.938,1.97,3.644,1.215,18.346,0.495,7.715,4.037,1.209,-0.095,0.424,0.572,31.662,0.666,0.74090753
3,11,D10,0.034978494,0.078438245,0.029970028,0.193447605,0.498773515,37.07661655,1,6,7.5,17-Apr,0.745,16.642,0.887,0.754,0.46,0.79,0.798,0.828,5.359,0.989,1.578,0.441,2.43,0.728,0.869,0.141,0.66,0.784,0.993,-0.097,1.618,0.973,3.724,0.907,2.72,1.868,3.445,1.148,16.642,0.469,7.58,3.78,1.167,-0.077,0.414,0.538,30.067,0.645,0.728216747
3,12,D0,0.034332607,0.074628286,0.030398343,0.182321802,0.465053618,37.61677742,1,6,7.5,17-Apr,0.715,15.299,0.877,0.716,0.436,0.769,0.783,0.782,5.232,0.991,1.551,0.437,2.538,0.723,0.863,0.139,0.626,0.774,0.991,-0.095,1.567,0.96,3.542,0.782,2.346,1.861,3.05,1.017,15.299,0.435,7.915,3.681,1.129,-0.061,0.395,0.507,27.849,0.618,0.723436026
4,13,I,0.037155267,0.079766937,0.032788426,0.190187171,0.470004052,37.30793476,1,6,7.5,17-Apr,0.711,14.334,0.87,0.712,0.436,0.765,0.771,0.787,4.892,0.99,1.471,0.424,2.422,0.71,0.853,0.144,0.623,0.762,0.99,-0.1,1.56,0.958,3.405,0.785,2.355,1.778,3.077,1.026,14.334,0.437,7.279,3.421,1.133,-0.062,0.39,0.483,28.112,0.617,0.709817584
4,14,D0,0.041407853,0.078707941,0.041591957,0.170915991,0.411764532,38.82831955,1,6,7.5,17-Apr,0.563,9.9,0.817,0.61,0.382,0.7,0.69,0.685,4.232,1,1.409,0.413,2.765,0.679,0.817,0.138,0.47,0.711,0.98,-0.09,1.376,0.899,2.696,0.456,1.367,1.862,1.953,0.651,9.9,0.37,6.854,2.822,0.996,0.002,0.31,0.329,23.695,0.55,0.679052565
4,15,D4,0.04017197,0.081122316,0.037243228,0.183262661,0.452269405,38.59161186,1,6,7.5,17-Apr,0.652,12.144,0.848,0.675,0.418,0.741,0.737,0.755,4.575,0.993,1.468,0.423,2.56,0.696,0.837,0.141,0.561,0.738,0.987,-0.097,1.476,0.933,3.074,0.618,1.854,1.842,2.501,0.834,12.144,0.415,6.87,3.107,1.079,-0.038,0.354,0.417,26.657,0.593,0.695824615
4,16,D10,0.035701063,0.076014705,0.03078207,0.183624759,0.473139822,38.08874257,1,6,7.5,17-Apr,0.718,15.371,0.878,0.724,0.441,0.773,0.784,0.796,5.224,0.989,1.577,0.441,2.521,0.723,0.86,0.137,0.636,0.77,0.992,-0.096,1.571,0.961,3.552,0.783,2.35,1.894,3.041,1.014,15.371,0.442,7.709,3.648,1.16,-0.074,0.391,0.509,28.351,0.623,0.723157322
1,1,I,0.031383533,0.07424061,0.026288435,0.187009335,0.548514664,37.89642572,1,6,7.5,23-Apr,0.777,20.865,0.909,0.814,0.497,0.824,0.834,0.888,6.388,0.99,1.933,0.491,2.616,0.762,0.892,0.13,0.693,0.817,0.995,-0.087,1.68,0.988,4.248,0.983,2.949,2.249,3.577,1.192,20.865,0.522,8.122,4.455,1.194,-0.088,0.44,0.613,33.252,0.689,0.761573725
1,2,D4,0.032887433,0.06744682,0.033894379,0.159409225,0.445159584,39.07083589,1,6,7.5,23-Apr,0.597,13.134,0.858,0.679,0.417,0.747,0.752,0.733,5.6,1.002,1.793,0.473,3.317,0.737,0.862,0.126,0.49,0.773,0.988,-0.075,1.411,0.912,3.227,0.504,1.511,2.277,2.025,0.675,13.134,0.411,8.553,3.808,0.97,0.015,0.338,0.449,26.018,0.594,0.736847533
1,3,D0,0.02850512,0.062374286,0.025681192,0.156285807,0.489201397,39.06858699,1,6,7.5,23-Apr,0.71,19.049,0.9,0.762,0.459,0.797,0.819,0.811,6.843,0.994,2.13,0.516,3.229,0.774,0.89,0.116,0.616,0.813,0.995,-0.075,1.558,0.957,4.031,0.681,2.042,2.549,2.562,0.854,19.049,0.464,9.634,4.713,1.11,-0.052,0.394,0.584,29.279,0.646,0.773832357
1,4,D10,0.029376477,0.063740939,0.02649284,0.159247622,0.498311102,39.1736908,1,6,7.5,23-Apr,0.705,18.809,0.899,0.768,0.464,0.799,0.818,0.821,6.818,0.994,2.129,0.516,3.249,0.773,0.889,0.115,0.612,0.811,0.994,-0.075,1.551,0.955,4.001,0.683,2.05,2.554,2.564,0.855,18.809,0.472,9.409,4.689,1.109,-0.052,0.391,0.58,29.799,0.651,0.773184921
2,5,I,0.031144114,0.071368963,0.025604179,0.179559544,0.552008927,37.79915762,1,6,7.5,23-Apr,0.772,21.559,0.911,0.82,0.501,0.828,0.839,0.894,6.735,0.989,2.074,0.509,2.775,0.771,0.893,0.122,0.695,0.818,0.996,-0.083,1.67,0.986,4.329,0.928,2.784,2.419,3.363,1.121,21.559,0.526,8.443,4.66,1.216,-0.098,0.431,0.623,33.415,0.693,0.771025042
2,6,D10,0.030657435,0.060878228,0.03080417,0.138284221,0.413814783,39.65042114,1,6,7.5,23-Apr,0.592,13.434,0.861,0.651,0.398,0.735,0.757,0.7,5.797,1,1.992,0.499,3.439,0.744,0.862,0.119,0.493,0.771,0.989,-0.073,1.406,0.91,3.273,0.413,1.239,2.564,1.686,0.562,13.434,0.383,9.195,3.805,0.995,0.002,0.329,0.458,24.184,0.574,0.743504848
2,7,D0,0.031876478,0.063495219,0.033475578,0.141571224,0.402862489,40.33367348,1,6,7.5,23-Apr,0.565,12.035,0.847,0.626,0.386,0.719,0.733,0.677,5.345,1.004,1.846,0.48,3.345,0.728,0.853,0.126,0.461,0.759,0.986,-0.075,1.377,0.9,3.056,0.391,1.173,2.417,1.633,0.544,12.035,0.369,8.686,3.499,0.952,0.024,0.32,0.413,23.364,0.559,0.727697354
2,8,D4,0.029610449,0.061800197,0.028545693,0.147355497,0.440492719,40.2413578,1,6,7.5,23-Apr,0.648,15.431,0.878,0.694,0.421,0.76,0.783,0.741,6.128,0.997,1.989,0.499,3.292,0.754,0.874,0.12,0.548,0.789,0.992,-0.075,1.471,0.932,3.56,0.525,1.575,2.467,2.073,0.691,15.431,0.412,9.395,4.138,1.037,-0.018,0.36,0.511,26.047,0.602,0.753927658
3,9,I,0.033716273,0.076716125,0.031166285,0.182317197,0.4788827,39.50149441,1,6,7.5,23-Apr,0.717,15.365,0.878,0.728,0.445,0.775,0.783,0.792,5.242,0.994,1.627,0.449,2.536,0.724,0.868,0.145,0.614,0.784,0.992,-0.095,1.569,0.96,3.551,0.761,2.282,1.962,2.944,0.981,15.365,0.448,7.55,3.616,1.082,-0.039,0.406,0.509,28.685,0.627,0.723843458
3,10,D4,0.034227192,0.076541066,0.033217322,0.175471857,0.449446201,40.57109261,1,6,7.5,23-Apr,0.683,13.53,0.862,0.687,0.421,0.751,0.758,0.748,4.872,0.998,1.561,0.438,2.548,0.709,0.858,0.15,0.574,0.77,0.989,-0.096,1.518,0.946,3.287,0.647,1.941,1.926,2.583,0.861,13.53,0.416,7.366,3.311,1.03,-0.015,0.388,0.46,26.707,0.599,0.708962286
3,11,D10,0.040479604,0.082851864,0.047155164,0.171040893,0.372927666,41.40314352,1,6,7.5,23-Apr,0.511,7.909,0.775,0.541,0.344,0.651,0.628,0.602,3.501,1.02,1.18,0.371,2.562,0.636,0.804,0.168,0.399,0.698,0.969,-0.096,1.326,0.88,2.315,0.385,1.156,1.63,1.775,0.592,7.909,0.326,6.223,2.321,0.858,0.076,0.308,0.225,20.974,0.503,0.636438855
3,12,D0,0.038333792,0.077818953,0.042929623,0.166480109,0.384886324,41.67027283,1,6,7.5,23-Apr,0.533,8.966,0.799,0.57,0.359,0.675,0.663,0.631,3.946,1.013,1.312,0.396,2.728,0.664,0.819,0.155,0.423,0.716,0.975,-0.091,1.346,0.888,2.523,0.41,1.231,1.768,1.824,0.608,8.966,0.342,6.844,2.634,0.893,0.057,0.314,0.284,21.913,0.523,0.663634902
4,13,I,0.042923238,0.093156509,0.041690029,0.197940171,0.454703659,41.59228516,1,6,7.5,23-Apr,0.666,10.907,0.832,0.662,0.414,0.73,0.713,0.747,3.881,0.997,1.297,0.393,2.184,0.66,0.827,0.168,0.56,0.729,0.983,-0.113,1.495,0.939,2.871,0.642,1.927,1.643,2.64,0.88,10.907,0.413,5.683,2.584,1.03,-0.015,0.375,0.371,26.839,0.586,0.659925965
4,14,D0,0.04619306,0.08683642,0.054739513,0.170278504,0.366324842,42.87192345,1,6,7.5,23-Apr,0.431,6.692,0.74,0.509,0.329,0.622,0.581,0.578,3.219,1.027,1.151,0.365,2.659,0.617,0.776,0.159,0.337,0.661,0.956,-0.088,1.26,0.852,2.052,0.307,0.922,1.697,1.483,0.494,6.692,0.312,5.643,2.067,0.844,0.085,0.265,0.145,19.979,0.48,0.616752678
4,15,D4,0.045236029,0.089693889,0.050190333,0.180859953,0.39519918,42.78508949,1,6,7.5,23-Apr,0.523,7.874,0.775,0.561,0.358,0.661,0.629,0.636,3.406,1.014,1.185,0.372,2.466,0.63,0.795,0.165,0.417,0.686,0.968,-0.1,1.337,0.885,2.308,0.405,1.215,1.64,1.839,0.613,7.874,0.345,5.62,2.221,0.901,0.052,0.306,0.223,22.281,0.517,0.630046727
4,16,D10,0.03996022,0.082553424,0.041150346,0.177677363,0.416862309,41.70986366,1,6,7.5,23-Apr,0.602,10.13,0.82,0.618,0.387,0.705,0.695,0.689,4.05,1.003,1.346,0.402,2.517,0.669,0.825,0.156,0.494,0.724,0.981,-0.099,1.416,0.914,2.737,0.507,1.522,1.752,2.158,0.719,10.13,0.376,6.485,2.703,0.971,0.015,0.341,0.339,24.199,0.555,0.669399987
1,1,I,0.034717623,0.07113333,0.029900022,0.16848664,0.503613174,40.78620699,1,6,7.5,30-Apr,0.7,16.843,0.888,0.759,0.463,0.792,0.8,0.832,6.08,0.99,1.989,0.499,2.976,0.752,0.871,0.119,0.622,0.784,0.993,-0.082,1.542,0.953,3.751,0.671,2.014,2.418,2.541,0.847,16.843,0.474,8.123,4.091,1.161,-0.075,0.375,0.542,30.072,0.649,0.752470595
1,2,D4,0.047647551,0.080366686,0.057843138,0.151876748,0.361411929,43.74684525,1,6,7.5,30-Apr,0.318,6.248,0.724,0.494,0.321,0.608,0.559,0.562,3.497,1.034,1.38,0.408,3.237,0.636,0.767,0.131,0.249,0.645,0.95,-0.062,1.179,0.814,1.949,0.209,0.628,2.228,1.033,0.344,6.248,0.304,5.859,2.117,0.824,0.097,0.208,0.111,19.115,0.469,0.636167604
1,3,D0,0.042865485,0.07447952,0.050367497,0.145966277,0.369278848,44.36213875,1,6,7.5,30-Apr,0.372,7.332,0.76,0.526,0.337,0.638,0.607,0.591,3.958,1.024,1.53,0.433,3.353,0.664,0.792,0.128,0.294,0.676,0.963,-0.065,1.216,0.833,2.194,0.236,0.707,2.336,1.108,0.369,7.332,0.319,6.576,2.428,0.851,0.08,0.23,0.189,20.099,0.492,0.664323986
1,4,D10,0.042344674,0.074910097,0.046918407,0.149881959,0.399090707,43.80080986,1,6,7.5,30-Apr,0.436,8.506,0.79,0.577,0.365,0.674,0.649,0.646,4.328,1.013,1.663,0.454,3.337,0.684,0.808,0.124,0.352,0.697,0.973,-0.07,1.264,0.854,2.435,0.281,0.843,2.42,1.251,0.417,8.506,0.352,6.677,2.665,0.903,0.051,0.253,0.26,22.25,0.527,0.683924177
2,5,I,0.035270002,0.072542273,0.02996234,0.173318014,0.506007791,40.15607214,1,6,7.5,30-Apr,0.709,16.888,0.888,0.761,0.465,0.793,0.801,0.837,5.975,0.989,1.92,0.49,2.881,0.749,0.87,0.12,0.633,0.783,0.993,-0.084,1.556,0.957,3.757,0.713,2.138,2.321,2.695,0.898,16.888,0.476,8.015,4.056,1.177,-0.081,0.38,0.543,30.266,0.65,0.749227327
2,6,D10,0.044514865,0.075523689,0.05398792,0.138996184,0.342640877,44.86369133,1,6,7.5,30-Apr,0.324,6.347,0.728,0.478,0.31,0.602,0.564,0.541,3.537,1.033,1.465,0.423,3.243,0.639,0.77,0.131,0.253,0.649,0.952,-0.063,1.183,0.816,1.973,0.186,0.559,2.396,0.928,0.309,6.347,0.289,6.046,2.072,0.825,0.096,0.211,0.119,18.181,0.458,0.638784846
2,7,D0,0.045973781,0.079106167,0.056364398,0.146582663,0.349204898,45.78069051,1,6,7.5,30-Apr,0.327,6.195,0.722,0.481,0.313,0.601,0.556,0.545,3.414,1.035,1.382,0.409,3.145,0.631,0.767,0.137,0.254,0.647,0.949,-0.065,1.185,0.817,1.937,0.2,0.599,2.246,0.997,0.332,6.195,0.293,5.819,2.032,0.816,0.102,0.214,0.107,18.48,0.46,0.630613479
2,8,D4,0.043880809,0.075494401,0.053968079,0.141548231,0.344437987,45.18932343,1,6,7.5,30-Apr,0.324,6.382,0.729,0.481,0.312,0.603,0.565,0.542,3.562,1.035,1.433,0.417,3.262,0.64,0.774,0.134,0.252,0.654,0.952,-0.062,1.183,0.816,1.981,0.195,0.585,2.317,0.97,0.323,6.382,0.29,6.181,2.129,0.813,0.103,0.214,0.121,18.289,0.46,0.640444971
3,9,I,0.039274704,0.083734527,0.037495214,0.189732775,0.471010178,40.86971156,1,6,7.5,30-Apr,0.666,12.562,0.853,0.696,0.431,0.752,0.744,0.773,4.625,0.996,1.482,0.426,2.519,0.698,0.846,0.148,0.564,0.752,0.987,-0.098,1.494,0.939,3.14,0.663,1.989,1.848,2.644,0.881,12.562,0.434,6.672,3.143,1.047,-0.023,0.371,0.431,27.86,0.608,0.698115092
3,10,D4,0.052792866,0.099431776,0.061892983,0.187484771,0.392858028,44.40106392,1,6,7.5,30-Apr,0.441,6.347,0.728,0.525,0.341,0.625,0.565,0.605,2.951,1.027,1.095,0.354,2.459,0.596,0.763,0.167,0.346,0.647,0.952,-0.096,1.267,0.856,1.973,0.327,0.981,1.635,1.571,0.524,6.347,0.331,4.723,1.856,0.853,0.079,0.268,0.119,21.359,0.491,0.596043732
3,11,D10,0.056181442,0.105783686,0.068604015,0.19329372,0.37019822,46.29799652,1,6,7.5,30-Apr,0.408,5.396,0.687,0.478,0.314,0.584,0.513,0.554,2.5,1.041,0.915,0.314,2.27,0.556,0.736,0.181,0.315,0.618,0.934,-0.1,1.242,0.845,1.738,0.302,0.906,1.419,1.551,0.517,5.396,0.302,4.28,1.584,0.819,0.1,0.258,0.038,19.583,0.455,0.555513835
3,12,D0,0.050865084,0.091739699,0.064218,0.169492975,0.339380622,46.35813522,1,6,7.5,30-Apr,0.342,5.285,0.682,0.447,0.294,0.566,0.505,0.512,2.699,1.049,1.002,0.334,2.59,0.574,0.739,0.165,0.262,0.618,0.931,-0.081,1.195,0.822,1.709,0.237,0.71,1.614,1.254,0.418,5.285,0.275,5,1.697,0.792,0.116,0.229,0.028,17.611,0.433,0.57441255
4,13,I,0.050467756,0.101152547,0.054873891,0.203732133,0.427863896,42.57242632,1,6,7.5,30-Apr,0.545,7.797,0.773,0.589,0.377,0.673,0.627,0.676,3.23,1.012,1.1,0.355,2.295,0.618,0.789,0.171,0.438,0.68,0.968,-0.108,1.358,0.893,2.292,0.477,1.43,1.506,2.124,0.708,7.797,0.373,4.978,2.13,0.92,0.042,0.315,0.219,24.231,0.537,0.617582598
4,14,D0,0.066755638,0.115325563,0.083880357,0.198347479,0.363346428,47.16781235,1,6,7.5,30-Apr,0.308,4.332,0.625,0.432,0.29,0.534,0.439,0.511,2.151,1.061,0.832,0.294,2.292,0.518,0.69,0.171,0.237,0.564,0.899,-0.087,1.173,0.811,1.443,0.231,0.694,1.441,1.3,0.433,4.332,0.279,3.629,1.319,0.796,0.114,0.21,-0.072,18.026,0.418,0.518143676
4,15,D4,0.06468071,0.116434135,0.081156559,0.204940468,0.377631158,48.25989151,1,6,7.5,30-Apr,0.346,4.653,0.646,0.457,0.305,0.556,0.463,0.537,2.243,1.056,0.843,0.296,2.261,0.529,0.708,0.179,0.265,0.585,0.912,-0.093,1.198,0.824,1.536,0.268,0.804,1.395,1.446,0.482,4.653,0.296,3.709,1.401,0.797,0.113,0.23,-0.036,19.2,0.438,0.528669038
4,16,D10,0.055496357,0.104982994,0.066872895,0.194706216,0.381438702,46.17684555,1,6,7.5,30-Apr,0.423,5.704,0.702,0.497,0.326,0.6,0.531,0.576,2.633,1.036,0.959,0.324,2.314,0.568,0.746,0.178,0.328,0.628,0.94,-0.1,1.253,0.85,1.817,0.32,0.96,1.461,1.6,0.533,5.704,0.315,4.389,1.674,0.83,0.093,0.264,0.066,20.398,0.47,0.568345759
1,1,I,0.028496506,0.065870307,0.021538664,0.176815167,0.532026231,,1,6,7.5,07-May,0.807,24.701,0.922,0.822,0.493,0.83,0.857,0.882,7.077,0.986,2.009,0.501,2.641,0.78,0.898,0.119,0.753,0.826,0.997,-0.083,1.749,1.004,4.675,1.093,3.278,2.288,3.95,1.317,24.701,0.51,9.526,5.068,1.323,-0.139,0.449,0.663,32.403,0.686,0.779659848
1,2,D4,0.028003823,0.060862433,0.023911433,0.160931915,0.465762496,,1,6,7.5,07-May,0.733,19.479,0.902,0.744,0.445,0.789,0.823,0.789,6.653,0.991,1.894,0.486,3.007,0.769,0.887,0.118,0.651,0.808,0.995,-0.079,1.595,0.967,4.083,0.787,2.362,2.225,2.995,0.998,19.479,0.442,10.217,4.759,1.171,-0.079,0.402,0.591,27.989,0.631,0.768858519
1,3,D0,0.026587538,0.059880707,0.021076651,0.162949666,0.493652374,,1,6,7.5,07-May,0.78,23.422,0.918,0.788,0.468,0.812,0.85,0.832,7.244,0.988,2.029,0.504,2.902,0.784,0.898,0.114,0.714,0.825,0.996,-0.079,1.686,0.99,4.537,0.937,2.812,2.331,3.462,1.154,23.422,0.473,10.563,5.214,1.261,-0.116,0.431,0.648,29.907,0.659,0.783641813
1,4,D10,0.027246537,0.062303707,0.021369576,0.172604308,0.524766624,,1,6,7.5,07-May,0.789,24.557,0.922,0.817,0.488,0.827,0.856,0.869,7.423,0.988,2.04,0.505,2.889,0.788,0.901,0.114,0.725,0.83,0.997,-0.078,1.707,0.995,4.66,1.043,3.13,2.329,3.785,1.262,24.557,0.503,10.257,5.382,1.275,-0.121,0.439,0.662,31.841,0.681,0.787747043
2,5,I,0.027519278,0.06419833,0.020563265,0.172834575,0.521123528,,1,6,7.5,07-May,0.814,25.342,0.924,0.817,0.487,0.828,0.861,0.87,7.117,0.986,2.015,0.502,2.6,0.781,0.9,0.119,0.762,0.828,0.997,-0.084,1.767,1.007,4.743,1.097,3.292,2.287,3.978,1.326,25.342,0.501,9.791,5.102,1.338,-0.145,0.455,0.67,31.779,0.68,0.780639219
2,6,D10,0.026301095,0.056708112,0.021251144,0.152827203,0.464640617,,1,6,7.5,07-May,0.754,21.864,0.913,0.755,0.448,0.796,0.841,0.795,7.194,0.989,2.04,0.505,3.071,0.782,0.893,0.11,0.686,0.817,0.996,-0.076,1.634,0.977,4.363,0.808,2.424,2.37,3.044,1.015,21.864,0.443,11.091,5.153,1.238,-0.106,0.409,0.628,28.022,0.636,0.782456123
2,7,D0,0.026489254,0.058576964,0.022693306,0.157911628,0.462352037,,1,6,7.5,07-May,0.739,20.374,0.906,0.746,0.444,0.791,0.83,0.785,6.893,0.991,1.928,0.491,3.058,0.775,0.892,0.117,0.655,0.815,0.995,-0.078,1.607,0.97,4.191,0.803,2.408,2.251,3.046,1.015,20.374,0.44,10.739,4.965,1.167,-0.077,0.409,0.606,27.815,0.631,0.775105767
2,8,D4,0.027190553,0.059881065,0.024219837,0.15800944,0.44587782,,1,6,7.5,07-May,0.719,18.41,0.897,0.719,0.43,0.776,0.814,0.76,6.446,0.993,1.822,0.477,3.012,0.763,0.885,0.122,0.627,0.806,0.994,-0.08,1.572,0.961,3.952,0.745,2.234,2.152,2.878,0.959,18.41,0.422,10.371,4.624,1.123,-0.058,0.399,0.573,26.726,0.615,0.763203112
3,9,I,0.029659422,0.073966093,0.02479383,0.188941106,0.482515663,,1,6,7.5,07-May,0.798,19.461,0.902,0.759,0.456,0.796,0.823,0.812,5.523,0.989,1.554,0.437,2.187,0.734,0.884,0.15,0.712,0.807,0.995,-0.102,1.727,0.999,4.081,1.076,3.227,1.788,4.056,1.352,19.461,0.458,8.227,3.97,1.196,-0.089,0.462,0.591,29.43,0.643,0.734165254
3,10,D4,0.029170424,0.070586763,0.026901338,0.181390032,0.440300226,,1,6,7.5,07-May,0.746,16.367,0.885,0.701,0.423,0.765,0.794,0.747,5.238,0.995,1.427,0.416,2.377,0.724,0.876,0.152,0.639,0.795,0.993,-0.099,1.62,0.974,3.687,0.892,2.677,1.676,3.501,1.167,16.367,0.413,8.654,3.81,1.084,-0.04,0.431,0.532,26.551,0.605,0.723669757
3,11,D10,0.030118629,0.073925517,0.030825151,0.181797579,0.397562355,,1,6,7.5,07-May,0.704,12.897,0.856,0.629,0.385,0.723,0.748,0.676,4.378,1.002,1.187,0.372,2.242,0.686,0.859,0.173,0.578,0.773,0.988,-0.108,1.549,0.955,3.191,0.763,2.289,1.429,3.167,1.056,12.897,0.367,8.027,3.191,0.977,0.012,0.416,0.441,23.728,0.56,0.68641604
3,12,D0,0.028824056,0.069274776,0.028670538,0.17390193,0.400756121,,1,6,7.5,07-May,0.708,13.978,0.866,0.642,0.39,0.732,0.764,0.686,4.785,1,1.304,0.395,2.394,0.705,0.866,0.161,0.587,0.782,0.99,-0.101,1.554,0.956,3.353,0.754,2.262,1.562,3.089,1.03,13.978,0.372,8.685,3.481,1.005,-0.003,0.413,0.473,23.949,0.568,0.705233097
4,13,I,0.034831867,0.080688179,0.033536613,0.189154238,0.412741274,,1,6,7.5,07-May,0.705,12.307,0.85,0.639,0.393,0.726,0.739,0.701,4.115,0.997,1.182,0.371,2.126,0.673,0.844,0.171,0.594,0.753,0.987,-0.114,1.551,0.955,3.1,0.755,2.266,1.437,3.123,1.041,12.307,0.379,7.107,2.933,1.039,-0.019,0.405,0.422,24.638,0.568,0.672949482
4,14,D0,0.035168502,0.077490956,0.034628116,0.182294607,0.402052194,,1,6,7.5,07-May,0.667,11.611,0.841,0.621,0.384,0.714,0.727,0.682,4.188,0.999,1.206,0.376,2.319,0.677,0.839,0.162,0.557,0.744,0.985,-0.107,1.496,0.939,2.988,0.667,2.001,1.488,2.801,0.934,11.611,0.367,7.419,2.983,1.016,-0.008,0.379,0.398,23.76,0.556,0.676813417
4,15,D4,0.033494875,0.077261455,0.034273438,0.184449568,0.396512538,,1,6,7.5,07-May,0.671,11.569,0.841,0.615,0.38,0.711,0.725,0.67,4.132,1.002,1.15,0.365,2.277,0.674,0.844,0.17,0.551,0.752,0.985,-0.108,1.501,0.941,2.981,0.693,2.078,1.412,2.922,0.974,11.569,0.362,7.522,2.982,0.977,0.011,0.39,0.396,23.454,0.552,0.673846787
4,16,D10,0.031831346,0.073472023,0.033491559,0.180645749,0.400565892,,1,6,7.5,07-May,0.656,11.96,0.846,0.623,0.384,0.717,0.732,0.673,4.452,1.005,1.217,0.378,2.485,0.69,0.853,0.163,0.532,0.763,0.986,-0.1,1.481,0.935,3.044,0.678,2.034,1.494,2.838,0.946,11.96,0.367,8.075,3.235,0.95,0.025,0.385,0.41,23.624,0.557,0.69001626
1,1,I,0.030112976,0.069480225,0.021469217,0.179959759,0.540668905,,1,6,7.5,15-May,0.826,25.183,0.924,0.829,0.499,0.834,0.86,0.899,6.782,0.983,2.004,0.501,2.405,0.772,0.894,0.122,0.789,0.82,0.997,-0.089,1.799,1.014,4.726,1.143,3.43,2.276,4.112,1.371,25.183,0.519,8.836,4.777,1.403,-0.168,0.459,0.669,33.072,0.692,0.772251662
1,2,D4,0.02932675,0.065503769,0.020948354,0.16955106,0.516307056,,1,6,7.5,15-May,0.814,24.647,0.922,0.811,0.483,0.824,0.857,0.871,6.882,0.983,2.045,0.506,2.521,0.775,0.893,0.118,0.78,0.817,0.997,-0.086,1.768,1.008,4.669,1.034,3.103,2.333,3.765,1.255,24.647,0.495,9.368,4.837,1.4,-0.167,0.445,0.663,31.504,0.676,0.774827947
1,3,D0,0.029223729,0.065343432,0.020471362,0.171161994,0.536777854,,1,6,7.5,15-May,0.821,26.221,0.927,0.831,0.497,0.835,0.865,0.896,7.215,0.983,2.136,0.516,2.574,0.783,0.897,0.114,0.793,0.823,0.997,-0.084,1.787,1.011,4.834,1.083,3.249,2.426,3.891,1.297,26.221,0.516,9.461,5.079,1.428,-0.176,0.449,0.68,32.773,0.692,0.782955914
1,4,D10,0.028254744,0.065222792,0.019649994,0.174373791,0.549454331,,1,6,7.5,15-May,0.834,27.962,0.931,0.845,0.506,0.843,0.873,0.91,7.424,0.984,2.151,0.518,2.538,0.788,0.902,0.114,0.805,0.832,0.997,-0.083,1.822,1.018,5.01,1.179,3.538,2.424,4.197,1.399,27.962,0.53,9.597,5.273,1.438,-0.18,0.463,0.697,33.611,0.702,0.787781944
2,5,I,0.029634792,0.068536095,0.021069909,0.178604618,0.540572286,,1,6,7.5,15-May,0.827,25.656,0.925,0.831,0.499,0.835,0.862,0.899,6.887,0.984,2.027,0.503,2.425,0.775,0.896,0.121,0.791,0.823,0.997,-0.088,1.804,1.015,4.776,1.149,3.446,2.298,4.127,1.376,25.656,0.52,8.992,4.861,1.406,-0.169,0.46,0.674,33.069,0.693,0.774962561
2,6,D10,0.02899495,0.064881735,0.020044282,0.171800703,0.539423168,,1,6,7.5,15-May,0.826,26.912,0.928,0.835,0.5,0.837,0.868,0.9,7.314,0.983,2.14,0.517,2.568,0.785,0.898,0.113,0.802,0.825,0.997,-0.083,1.799,1.014,4.905,1.117,3.352,2.422,4.003,1.334,26.912,0.519,9.592,5.174,1.447,-0.183,0.451,0.687,32.956,0.694,0.785268216
2,7,D0,0.028764751,0.06438984,0.020388311,0.170669451,0.532823682,,1,6,7.5,15-May,0.818,26.134,0.926,0.828,0.495,0.833,0.865,0.89,7.275,0.984,2.122,0.515,2.62,0.784,0.898,0.113,0.786,0.824,0.997,-0.083,1.777,1.009,4.825,1.08,3.24,2.41,3.888,1.296,26.134,0.512,9.671,5.153,1.411,-0.17,0.448,0.679,32.506,0.689,0.784365767
2,8,D4,0.027872993,0.063218363,0.020011447,0.16727218,0.50668776,,1,6,7.5,15-May,0.818,25.32,0.924,0.807,0.478,0.822,0.861,0.858,7.015,0.984,2.029,0.504,2.537,0.778,0.896,0.118,0.781,0.822,0.997,-0.085,1.777,1.01,4.74,1.057,3.171,2.305,3.857,1.286,25.32,0.487,9.84,4.986,1.393,-0.164,0.451,0.67,30.929,0.671,0.778144644
3,9,I,0.0309521,0.081397973,0.024180565,0.204851359,0.516348898,,1,6,7.5,15-May,0.838,21.354,0.911,0.796,0.479,0.815,0.838,0.861,5.344,0.986,1.521,0.432,1.884,0.728,0.887,0.159,0.767,0.812,0.996,-0.111,1.835,1.021,4.305,1.321,3.964,1.724,4.864,1.621,21.354,0.492,7.404,3.823,1.28,-0.123,0.494,0.621,31.819,0.669,0.727650693
3,10,D4,0.028791478,0.076458782,0.021634471,0.199469656,0.523090601,,1,6,7.5,15-May,0.852,24.179,0.921,0.814,0.487,0.825,0.855,0.872,5.841,0.986,1.622,0.448,1.936,0.745,0.896,0.151,0.791,0.825,0.997,-0.105,1.88,1.029,4.619,1.413,4.238,1.82,5.135,1.712,24.179,0.501,8.066,4.219,1.331,-0.142,0.504,0.657,32.28,0.679,0.74494584
3,11,D10,0.028313428,0.075772479,0.022464108,0.194009915,0.480797768,,1,6,7.5,15-May,0.838,21.403,0.911,0.768,0.457,0.802,0.838,0.817,5.345,0.987,1.478,0.425,1.881,0.728,0.889,0.161,0.762,0.815,0.996,-0.111,1.837,1.021,4.311,1.277,3.832,1.672,4.78,1.593,21.403,0.458,8.043,3.867,1.26,-0.115,0.498,0.621,29.632,0.646,0.727716387
3,12,D0,0.027214097,0.071720019,0.022072319,0.182358071,0.450358033,,1,6,7.5,15-May,0.827,20.404,0.907,0.734,0.436,0.786,0.831,0.777,5.279,0.988,1.47,0.424,1.933,0.725,0.886,0.161,0.746,0.811,0.995,-0.11,1.803,1.015,4.194,1.141,3.424,1.672,4.359,1.453,20.404,0.428,8.459,3.81,1.233,-0.104,0.489,0.606,27.683,0.623,0.725251737
4,13,I,0.037432719,0.087314904,0.037150726,0.194855168,0.419135332,,1,6,7.5,15-May,0.693,11.282,0.837,0.635,0.393,0.719,0.72,0.702,3.8,0.999,1.151,0.365,2.042,0.655,0.836,0.181,0.576,0.742,0.984,-0.12,1.533,0.95,2.934,0.714,2.143,1.422,2.981,0.994,11.282,0.382,6.321,2.649,1.008,-0.004,0.401,0.386,24.926,0.565,0.655188614
4,14,D0,0.030667139,0.081504747,0.025485922,0.196858078,0.477184862,,1,6,7.5,15-May,0.822,18.723,0.899,0.75,0.451,0.791,0.818,0.807,4.855,0.989,1.424,0.416,1.831,0.708,0.879,0.171,0.734,0.802,0.994,-0.117,1.788,1.012,3.991,1.146,3.437,1.636,4.346,1.449,18.723,0.452,7.189,3.431,1.203,-0.092,0.488,0.578,29.343,0.637,0.708228878
4,15,D4,0.032135125,0.079511911,0.02880621,0.189557433,0.448363513,,1,6,7.5,15-May,0.768,15.565,0.879,0.703,0.426,0.764,0.786,0.76,4.639,0.992,1.365,0.406,2.043,0.699,0.866,0.167,0.666,0.783,0.992,-0.113,1.661,0.984,3.579,0.913,2.739,1.61,3.586,1.195,15.565,0.42,7.301,3.274,1.116,-0.055,0.446,0.514,27.202,0.607,0.698747442
4,16,D10,0.029881064,0.07556314,0.026358267,0.187222332,0.450489849,,1,6,7.5,15-May,0.783,17.091,0.889,0.716,0.431,0.773,0.802,0.766,4.962,0.992,1.406,0.413,2.08,0.713,0.876,0.163,0.683,0.796,0.993,-0.109,1.693,0.991,3.783,0.984,2.952,1.637,3.821,1.274,17.091,0.424,7.893,3.556,1.134,-0.063,0.458,0.547,27.416,0.614,0.712716621
1,1,I,0.025231561,0.065759383,0.01993872,0.17915222,0.543151617,,1,6,7.5,21-May,0.832,27.241,0.929,0.839,0.502,0.839,0.869,0.888,7.26,0.99,2.032,0.504,2.504,0.784,0.911,0.127,0.758,0.847,0.997,-0.084,1.816,1.017,4.938,1.227,3.68,2.286,4.385,1.462,27.241,0.523,9.625,5.228,1.265,-0.117,0.489,0.69,33.226,0.697,0.78400987
1,2,D4,0.024823841,0.066436991,0.020082163,0.179152787,0.550969243,,1,6,7.5,21-May,0.833,27.436,0.93,0.844,0.507,0.842,0.87,0.894,7.293,0.991,2.075,0.509,2.507,0.785,0.914,0.129,0.751,0.851,0.997,-0.084,1.819,1.018,4.957,1.218,3.654,2.337,4.338,1.446,27.436,0.531,9.47,5.218,1.236,-0.106,0.495,0.692,33.707,0.703,0.784786783
1,3,D0,0.024242863,0.064872332,0.019495102,0.176170349,0.561136603,,1,6,7.5,21-May,0.834,28.783,0.933,0.854,0.514,0.848,0.875,0.905,7.65,0.991,2.185,0.522,2.599,0.793,0.917,0.124,0.755,0.856,0.998,-0.081,1.824,1.019,5.091,1.215,3.644,2.457,4.295,1.432,28.783,0.542,9.739,5.465,1.244,-0.109,0.496,0.704,34.314,0.711,0.792743112
1,4,D10,0.022766614,0.06126079,0.018255694,0.172488049,0.55913347,,1,6,7.5,21-May,0.837,30.628,0.937,0.859,0.514,0.851,0.882,0.903,8.127,0.992,2.242,0.528,2.72,0.803,0.922,0.119,0.758,0.863,0.998,-0.077,1.832,1.02,5.268,1.247,3.741,2.507,4.397,1.466,30.628,0.541,10.526,5.886,1.247,-0.11,0.498,0.719,34.173,0.712,0.802510133
2,5,I,0.025191108,0.064763457,0.019973442,0.178260386,0.541258633,,1,6,7.5,21-May,0.826,27.099,0.929,0.837,0.501,0.838,0.868,0.885,7.357,0.99,2.036,0.505,2.577,0.786,0.911,0.125,0.752,0.846,0.997,-0.083,1.801,1.014,4.924,1.21,3.63,2.293,4.33,1.443,27.099,0.521,9.831,5.321,1.261,-0.116,0.483,0.688,33.069,0.696,0.786267009
2,6,D10,0.024530899,0.06334392,0.019333815,0.175767869,0.564924955,,1,6,7.5,21-May,0.83,29.22,0.934,0.858,0.517,0.85,0.877,0.911,7.918,0.99,2.214,0.525,2.722,0.798,0.917,0.118,0.757,0.855,0.998,-0.078,1.81,1.016,5.133,1.218,3.653,2.488,4.296,1.432,29.22,0.546,10.098,5.704,1.269,-0.118,0.486,0.708,34.496,0.714,0.798354104
2,7,D0,0.023858942,0.064083003,0.019415366,0.177778438,0.562784255,,1,6,7.5,21-May,0.832,28.987,0.933,0.856,0.515,0.849,0.876,0.905,7.782,0.992,2.166,0.52,2.661,0.796,0.919,0.123,0.749,0.859,0.998,-0.079,1.817,1.017,5.111,1.242,3.726,2.431,4.387,1.462,28.987,0.543,9.98,5.616,1.229,-0.103,0.495,0.706,34.389,0.712,0.795545222
2,8,D4,0.023260014,0.062165771,0.018960224,0.174421996,0.54557234,,1,6,7.5,21-May,0.83,28.775,0.933,0.846,0.505,0.843,0.875,0.887,7.776,0.992,2.128,0.515,2.677,0.795,0.918,0.123,0.747,0.858,0.998,-0.079,1.811,1.016,5.09,1.224,3.671,2.387,4.354,1.451,28.775,0.527,10.353,5.648,1.227,-0.102,0.493,0.704,33.325,0.701,0.795419211
3,9,I,0.027285153,0.076095723,0.025353368,0.201577529,0.491258323,,1,6,7.5,21-May,0.8,19.376,0.902,0.766,0.461,0.799,0.822,0.81,5.456,0.996,1.437,0.418,2.151,0.732,0.895,0.163,0.684,0.825,0.995,-0.103,1.732,1,4.071,1.202,3.605,1.644,4.513,1.504,19.376,0.466,8.18,4.019,1.076,-0.037,0.486,0.59,29.984,0.648,0.731752251
3,10,D4,0.024810705,0.072274707,0.020985819,0.20182094,0.547480643,,1,6,7.5,21-May,0.844,26.088,0.926,0.837,0.504,0.838,0.863,0.885,6.575,0.993,1.713,0.461,2.199,0.767,0.913,0.147,0.749,0.852,0.997,-0.094,1.856,1.025,4.82,1.49,4.47,1.911,5.331,1.777,26.088,0.526,8.881,4.862,1.182,-0.084,0.519,0.678,33.641,0.698,0.76676375
3,11,D10,0.024953183,0.074016884,0.021256309,0.203474268,0.547890544,,1,6,7.5,21-May,0.848,25.775,0.925,0.836,0.503,0.838,0.862,0.885,6.402,0.993,1.693,0.458,2.126,0.762,0.913,0.151,0.75,0.851,0.997,-0.096,1.866,1.027,4.788,1.496,4.489,1.89,5.358,1.786,25.775,0.527,8.596,4.71,1.174,-0.08,0.524,0.675,33.708,0.698,0.761968162
3,12,D0,0.02358135,0.071868367,0.020666849,0.196788773,0.519166708,,1,6,7.5,21-May,0.847,25.121,0.923,0.815,0.486,0.826,0.858,0.85,6.224,0.994,1.638,0.45,2.077,0.757,0.913,0.156,0.743,0.852,0.997,-0.099,1.865,1.026,4.72,1.439,4.317,1.83,5.225,1.742,25.121,0.498,8.833,4.586,1.141,-0.066,0.529,0.668,31.958,0.678,0.756805069
4,13,I,0.033133365,0.080990523,0.038985942,0.185667619,0.386863112,,1,6,7.5,21-May,0.624,9.923,0.817,0.586,0.366,0.689,0.687,0.634,3.777,1.017,1.084,0.351,2.299,0.654,0.842,0.188,0.484,0.752,0.98,-0.109,1.441,0.922,2.7,0.599,1.797,1.372,2.608,0.869,9.923,0.348,6.961,2.693,0.85,0.081,0.384,0.33,22.553,0.533,0.653778375
4,14,D0,0.029001938,0.077446729,0.030162662,0.189293608,0.442528486,,1,6,7.5,21-May,0.737,14.671,0.872,0.69,0.42,0.756,0.773,0.733,4.714,1.003,1.338,0.401,2.225,0.702,0.877,0.175,0.602,0.799,0.991,-0.107,1.602,0.969,3.453,0.858,2.575,1.591,3.406,1.135,14.671,0.412,7.629,3.376,0.962,0.02,0.447,0.492,26.633,0.6,0.702113767
4,15,D4,0.028075285,0.076202609,0.02828897,0.192982256,0.466670275,,1,6,7.5,21-May,0.758,16.497,0.886,0.726,0.44,0.776,0.795,0.769,5.124,1,1.418,0.415,2.273,0.719,0.887,0.167,0.627,0.813,0.993,-0.103,1.641,0.979,3.705,0.964,2.893,1.662,3.725,1.242,16.497,0.438,7.941,3.706,0.992,0.004,0.46,0.535,28.219,0.623,0.719261686
4,16,D10,0.026766941,0.074423723,0.027066285,0.191943184,0.469910294,,1,6,7.5,21-May,0.766,17.361,0.891,0.735,0.444,0.782,0.803,0.773,5.314,1.001,1.448,0.42,2.296,0.727,0.892,0.166,0.634,0.821,0.993,-0.101,1.658,0.983,3.818,1.003,3.008,1.686,3.847,1.282,17.361,0.443,8.227,3.866,0.989,0.006,0.469,0.553,28.465,0.628,0.726551269
1,1,I,0.033079889,0.093308121,0.028199036,0.253252745,0.697818995,,1,6,7.5,29-May,0.833,24.746,0.922,0.889,0.582,0.877,0.857,1.034,6.479,0.993,1.755,0.467,2.26,0.764,0.909,0.145,0.736,0.846,0.997,-0.093,1.819,1.018,4.68,1.734,5.202,1.975,5.933,1.978,24.746,0.67,6.769,4.723,1.173,-0.08,0.506,0.664,42.782,0.786,0.764113455
1,2,D4,0.032544818,0.097501896,0.028060548,0.257669002,0.728150427,,1,6,7.5,29-May,0.847,25.949,0.926,0.899,0.598,0.886,0.863,1.059,6.468,0.994,1.826,0.477,2.149,0.764,0.914,0.151,0.747,0.854,0.997,-0.095,1.864,1.026,4.806,1.814,5.443,2.049,6.14,2.047,25.949,0.7,6.375,4.642,1.16,-0.074,0.526,0.677,44.783,0.805,0.763818515
1,3,D0,0.031451326,0.092242092,0.02688475,0.248910755,0.714393139,,1,6,7.5,29-May,0.843,26.572,0.927,0.899,0.592,0.885,0.866,1.048,6.745,0.993,1.87,0.483,2.257,0.771,0.916,0.144,0.745,0.855,0.997,-0.091,1.852,1.024,4.87,1.766,5.297,2.097,5.986,1.995,26.572,0.688,6.824,4.875,1.17,-0.078,0.52,0.683,43.865,0.799,0.771291686
1,4,D10,0.029698182,0.084605701,0.025214145,0.235178277,0.707026064,,1,6,7.5,29-May,0.837,28.041,0.931,0.902,0.59,0.886,0.872,1.042,7.357,0.993,2.006,0.501,2.49,0.786,0.919,0.133,0.741,0.86,0.997,-0.084,1.832,1.02,5.018,1.677,5.032,2.247,5.677,1.892,28.041,0.682,7.567,5.35,1.178,-0.082,0.51,0.697,43.284,0.797,0.786249858
2,5,I,0.032606967,0.090288661,0.028417965,0.250997454,0.694740653,,1,6,7.5,29-May,0.82,24.447,0.921,0.887,0.58,0.875,0.855,1.028,6.695,0.994,1.768,0.469,2.422,0.77,0.91,0.14,0.719,0.847,0.997,-0.089,1.782,1.011,4.648,1.682,5.046,1.994,5.766,1.922,24.447,0.666,7.091,4.927,1.147,-0.069,0.495,0.66,42.454,0.784,0.769973785
2,6,D10,0.031381678,0.090253524,0.026481789,0.250534624,0.739061654,,1,6,7.5,29-May,0.841,27.908,0.931,0.907,0.605,0.893,0.871,1.071,7.189,0.993,1.95,0.494,2.403,0.782,0.919,0.136,0.747,0.859,0.997,-0.086,1.846,1.023,5.005,1.816,5.449,2.18,6.102,2.034,27.908,0.713,7.088,5.239,1.185,-0.085,0.515,0.696,45.306,0.814,0.782342042
2,7,D0,0.029920137,0.086314313,0.025438162,0.242372692,0.729405344,,1,6,7.5,29-May,0.84,28.674,0.933,0.908,0.602,0.893,0.874,1.062,7.451,0.994,2.009,0.501,2.491,0.788,0.921,0.133,0.744,0.863,0.998,-0.083,1.842,1.022,5.08,1.77,5.309,2.245,5.947,1.982,28.674,0.704,7.46,5.441,1.176,-0.081,0.514,0.703,44.673,0.81,0.788372605
2,8,D4,0.028637709,0.081480302,0.024336414,0.232691109,0.697362602,,1,6,7.5,29-May,0.836,28.655,0.933,0.901,0.586,0.885,0.874,1.033,7.559,0.994,1.997,0.5,2.556,0.791,0.921,0.13,0.74,0.863,0.998,-0.082,1.83,1.02,5.078,1.703,5.109,2.23,5.77,1.923,28.655,0.673,7.975,5.562,1.177,-0.081,0.509,0.703,42.667,0.792,0.790765759
3,9,I,0.033024851,0.095423564,0.033985525,0.258177906,0.596723378,,1,6,7.5,29-May,0.775,17.558,0.892,0.819,0.518,0.826,0.805,0.906,5.253,1.002,1.311,0.396,2.227,0.724,0.895,0.171,0.637,0.826,0.994,-0.103,1.676,0.987,3.844,1.456,4.368,1.51,5.29,1.763,17.558,0.563,6.606,3.942,0.972,0.014,0.48,0.557,36.222,0.709,0.724267903
3,10,D4,0.029959727,0.092363477,0.02775017,0.263493955,0.674455583,,1,6,7.5,29-May,0.834,24.305,0.921,0.881,0.57,0.87,0.854,1,6.302,0.997,1.56,0.438,2.194,0.759,0.915,0.156,0.717,0.855,0.997,-0.096,1.824,1.019,4.633,1.913,5.74,1.743,6.598,2.199,24.305,0.647,7.032,4.743,1.08,-0.038,0.524,0.659,41.387,0.772,0.759099684
3,11,D10,0.030142801,0.092856996,0.026839143,0.258820146,0.70707655,,1,6,7.5,29-May,0.846,26.345,0.927,0.896,0.588,0.883,0.864,1.036,6.615,0.995,1.732,0.464,2.201,0.768,0.918,0.15,0.737,0.86,0.997,-0.093,1.86,1.025,4.847,1.917,5.751,1.932,6.515,2.172,26.345,0.68,6.906,4.883,1.123,-0.058,0.53,0.681,43.455,0.794,0.767838225
3,12,D0,0.028922787,0.091209851,0.026023364,0.252569288,0.674490571,,1,6,7.5,29-May,0.849,25.919,0.926,0.887,0.572,0.874,0.862,1.005,6.395,0.996,1.671,0.455,2.11,0.762,0.918,0.156,0.738,0.86,0.997,-0.097,1.872,1.028,4.803,1.886,5.657,1.862,6.471,2.157,25.919,0.648,7.004,4.724,1.111,-0.053,0.537,0.677,41.515,0.775,0.761761001
4,13,I,0.034149107,0.090955064,0.037099928,0.225479901,0.490888357,,1,6,7.5,29-May,0.715,13.232,0.859,0.718,0.445,0.765,0.752,0.778,4.397,1.007,1.177,0.37,2.201,0.687,0.87,0.183,0.574,0.79,0.989,-0.11,1.566,0.959,3.242,0.981,2.944,1.409,3.848,1.283,13.232,0.454,6.559,3.22,0.92,0.041,0.437,0.451,29.382,0.625,0.68735553
4,14,D0,0.034433436,0.09374854,0.037440665,0.227214485,0.490352482,,1,6,7.5,29-May,0.725,13.097,0.858,0.717,0.445,0.764,0.75,0.777,4.231,1.007,1.158,0.367,2.089,0.679,0.869,0.19,0.582,0.789,0.988,-0.115,1.582,0.964,3.222,0.99,2.969,1.387,3.887,1.296,13.097,0.453,6.266,3.072,0.92,0.042,0.446,0.447,29.427,0.623,0.678998884
4,15,D4,0.032136194,0.091463558,0.031472053,0.239905402,0.586886108,,1,6,7.5,29-May,0.788,18.648,0.898,0.821,0.515,0.828,0.815,0.905,5.417,0.999,1.446,0.42,2.208,0.73,0.896,0.166,0.661,0.827,0.994,-0.102,1.705,0.994,3.981,1.363,4.088,1.665,4.938,1.646,18.648,0.555,6.765,3.97,1.021,-0.01,0.484,0.577,35.725,0.706,0.730335069
4,16,D10,0.031062663,0.08623185,0.031324409,0.227740183,0.54916352,,1,6,7.5,29-May,0.767,17.531,0.892,0.794,0.491,0.811,0.805,0.861,5.368,1.001,1.411,0.414,2.313,0.729,0.893,0.164,0.635,0.822,0.994,-0.1,1.659,0.983,3.84,1.222,3.667,1.636,4.52,1.507,17.531,0.518,7.206,3.957,0.992,0.004,0.469,0.556,33.267,0.68,0.728572621
